id,dataset,query
1470,OEQ,"GIFTS!? So, I have a few friends Birthdays coming up in October. I believe I could adequately decide gifts for each of them on my own, but would like to maximise my gift-picking abilities. Are there any nifty tricks you know when it comes to choosing gifts?

As a side LPT Request, do you have any suggestions on how to gage what type of present you should buy depending on how far into a (romantic) relationship you are?"
10950,AITA-NTA-FLIP," My husband had just come back from London late at night after a long and difficult journey, where he picked me up in Salisbury before taking me to Portsmouth for work. It was an inconvenient trip for him, especially with road closures, and he still had another drive back to Winchester ahead of him, where he had to wake up early for work the next day.

When I realized I had forgotten my phone charger, I texted him to bring me one. However, he didn’t have one in the car and would have had to go back to work, grab the charger, and then come back to deliver it before returning to Winchester. He offered to bring it the next evening after work instead, pointing out that I still had my iPad and that he could contact me through my landlady if there was an emergency. He also says he had politely reminded me multiple times to charge my phone and even asked if I had everything before we left the house. 

However, this time, he decided to ""teach me a lesson"" by not bringing the charger immediately, intending to reinforce that I need to be more responsible with my phone. I became very upset and told him how serious the situation was to me, even threatening to divorce him over it.

AITA for insisting my husband drop everything and bring me a phone charger that night?"
10018,AITA-NTA-OG,"AITA for blowing up at my in laws and wife over them trying to ruin our vacation plans? My wife and I have 2 kids (4f & 2f). We moved to another country about a year ago and have been living here ever since. When in our home country, both families were very involved in our lives due to my kids being the only grandchildren on both sides. Us moving overseas caused my in laws to feel as if we were abandoning them and they will lose the bond they have with their grandkids and we only doing it for the money and not thinking about them. So we agreed during summers we will send the kids back home for about 6 weeks to spend time with both grandparents.

In September my wife and I explored the idea of going for a vacation without the kids to reconnect and be a couple again. We discussed and she agreed that it will be good for us. We then speak to my inlaws and explain to them when and why we want to go for our solo holiday. They were very excited at the prospect of spending time with the kids so all seemed well. Now, knowing that my in laws can be very reactionary people I told them to think about it and we will discuss again in a few days time. We call them 3 days later and discuss and they of the same mindset. As i said i know how reactionary they can be so i brought it up with them every 2 or 3 days  for about a month which is ALOT of discussion around the same subject. I wanted to make sure all is fine. This is what we agreed to:

1. Wife and kids will fly home late December to leave the kids and to get the kids used to the grand parents again and vice versa
2. Wife will return late Jan so she can spend some time here and do some things she wanted to do without having to worry about the kids
3. Early Feb wife and I will depart for Bali after which we will go to home country to spend some time
4. So in total, we will be leaving the kids in their care for 4 weeks

On Monday my in laws ask her if she is serious about leaving the kids for so long and that they are worried that the kids won't manage and she must push her flight later so the kids only spend the minimum amount of time without us - they want her to fly back only a day or two before we leave for vacation as opposed to the 2 weeks that has been planned and paid for. She called me on Monday night to talk to me about it and said that she AGREES with them I. Lost. My. Shit. I demanded a conference call with her parents straight away and basically let them have it for emotionally manipulating my wife. I said if they try and demand this I will take my kids with us to Bali and they can forget about us ever leaving the kids with them again and I will not be sending them down over the summers. I said I will not ask them for anything ever again and called them assholes for not keeping to the agreement even though we discussed it more than 20 times.I told my wife this is bullshit as she was fine with the arrangements whenever we discussed it. I said she needs to grow a spine and stick to her decision.

AITA?"
5553,SS,I'm overly-optimistic and I think I can do just fine in life without getting some real fancy college degree.
554,OEQ,"Hi there
So my girlfriend an I are together for 3 years, and I love her dearly.
When it's just us, my girlfriend talks in a playful baby voice and starts talking nonsense like a child would.
In the beginning it was kinda cute, but overtime it started to annoy me more and more. Now I kinda can't stand it.

I know she does it only because she feels comfortable and safe with me, and I like the idea of it, but in reality it annoys the hell out of me. 
Should I tell her something? I don't want to hurt her feelings and make her feel less safe, I want her to be herself around me, but I don't know sometimes it just gets on my nerves.

TL;DR: When we're alone my girlfriend talks in a baby voice and talks nonsense stuff like a child, it annoys me, but I don't want to hurt her feelings by telling her to stop"
7579,AITA-YTA,"AITA for keeping my roommate up watching a movie okay so under just normal circumstances YTA would be a straight forward no-brainer, but hear me out.

(we live in a dorm, at uni,  in close enough proximity to each other to be able to see each other)

&#x200B;

so I don't usually sleep a lot (I go to bed late and get up early), but I was extra tired so I went to bed at about 9:00 P.M.  It didn't take me long to fall asleep even though my roommate was playing on his console. Anyways, he constantly keeps waking me up: turning lights on and off, yelling at people in chat, and slamming shit when he gets pissed he dies. I'm sleeping intermittently, and he finally decides it time to go to sleep somewhere around 12-12:30 A.M. he's super loud and wakes me up as he's getting ready for bed/doing random shit (if I purposefully kept him up bc of this tho...major YTA. because usually I'm not in the room at this time and normally awake if i am).

&#x200B;

So now I'm awake

&#x200B;

I mostly just lay in my bed trying to go back to sleep as he passes out, and can't. so i get bored around 1:30 and start fucking around on reddit, and eventually see a post that reminds me of the dc aquaman movie that i still hadn't seen at about 3 A.M.  So i decide to watch aquaman, and look over at my desk to get my earbuds.

&#x200B;

but my earbuds aren't there.........

&#x200B;

I must have left them in my car. My roommate is dead asleep by this point, and he usually doesn't wake up super easy. so i figure playing it out loud is fine as long as it's quiet enough that it doesn't wake him up. I don't see him move at all, and didn't figure he woke up. So 5 A.M. rolls around and his alarm goes off. He gets up, gets ready for PT, and makes a rude comment about me watching a movie since 3.

&#x200B;

The comment didn't really bother me because iv'e told him plenty of times to tell me if I'm doing anything that's getting on his nerves/keeping him from doing shit he needs to do. mostly I'm just confused as to why he didn't tell me to shut the hell up when I woke him up instead of waiting ~~3~~ 2 hours.

&#x200B;

Edit: sorry I can't do math apparently."
2473,OEQ,"How to continue to have conversations with people you have known for years. I am a bit of a quiet guy, but I can interact in a conversation fine. With new people,
 it's easy, because they ask questions which leads me to ask questions, and we share stories. 

How can I continue to have conversations with people I've known for years and interact with a lot, like my Dad or my best friend? They've heard all my stories, they get the updates, they know my opinions on everything, and it goes both ways. I find myself having really short updates with them, and then going, ""well... talk to you later"" "
932,OEQ,"My 21F best friend “K” had a birthday party back in 2019. Days before her party she asked me and our other best friend “A” for money since she haven’t gotten her birthday gift from her parents (which is the money she will use to pay for the expenses for her party). She told us she would pay me and A as soon as she got her money so me and A chipped in to pay for her party. 3 years later, she still hasn’t paid us back. There were multiple times when me and A asked her if she can pay us back. But each time we ask her, she will just apologize, tell us she doesn’t have any money at the moment, and promise that she will pay us back once she have money. 

But it has been 3 years already. We went out countless of times already but she never paid us back. I don’t know if she forgot she owes us money but It’s just awkward to keep asking her to pay when it should’ve have been her responsibility to pay us back even if we don’t ask. Now I’m thinking of asking her again to pay me back because I desperately need the money but I am too shy to ask. Should I just forget that she owes us money or should I still ask her to pay? I desperately need money right now and the only way I can think of is to get that money back. What should I do?

TL;DR
My best friend borrowed money from me 3 years ago and she still hasn’t paid me back. I need money right now and am thinking to ask her to pay me back. Should I still ask her or should I just forget she owes me money because it has been 2 years already?

Update: Sorry for the late update. I got caught up with school and family stuff but thank you all for showing concern in my personal matter. I didn’t expect for this post to blow up. I saw most of the comments saying that I shouldn’t lend money and expect it to come back. I get this know. But here in my country, we have this thinking that it is much safer to lend money to our family and friends (if they need it) since they are closer to us and they are the ones who we trust more in paying us back our money. Well I learned the hard way that even your best friend you can’t trust 100%. And if you guys are wondering if I talked to her or what, I didn’t. You guys are right, the money is gone. What I will do is to never lend her or anyone anything ever again. I think if ever I will loan anybody again is if only they badly need it (eg. medical bills, any emergency stuff, etc). Anyway, thank you so much again you guys for taking time to make me realize things. Hope all are well."
3088,SS,I've talked to her directly and I think the only appropriate retaliation is now to blast music at 5 am when I get up since I know she doesn't get to bed until 1ish.
1351,OEQ,How can I keep a cool head when getting into heated discussions with my boss or coworkers? I always feel like I start saying things I shouldn't or my mind goes blank and I can't articulate what I need to. 
3035,SS,I feel like I'm not living up to my potential and I'm letting the whole world down.
6755,SS,I think what works most as motivation is when I complement him
8375,AITA-YTA,"AITA for flunking out on a ""movie"" date? First time posting, if I do anything wrong, please tell me.

So here's the story: I'm currently on exchange in a foreign country and speak that language just a little. Currently I am taking classes to become more fluent. 

I met this guy two weeks ago after we matched on Bumble and I met him once. After that it's been mainly texting since I'm usually busy with the workload of studying and he works in an office. 

We spoke about movies and I joked about Netflix and chill. I'm not fluent but sending laughing emojis repeatedly should be enough of an indication I was joking I think. He said he's at a friend's house which is nearby the neighborhood I live in (he only knows the neighborhood I live in, not exactly where I live). And since we talked about Netflix and Chill, he asked me if I wanted to ""watch a movie"" at my place and I laughed it off. 

Some time later he said he's in the neighborhood and he's waiting for me at a cafe. I started panicking and ignored his text. I don't have a lot of sexual experience, and the topic of sex makes me a bit anxious. Though I knew I should have said ""no, I don't want to"", I ended up coming up with an excuse that my mom called me because I was too much of a wussface to tell the truth. 

He still waited. He waited for an hour. Eventually I said my mom was upset and I couldn't come and he said that he was upset that he couldn't drop by. I told him I understood and apologised and that's been that.

AITA for doing this?"
10968,AITA-NTA-FLIP," AITA for having high expectations for my (M50s) employees, including my son?  

Last year, my son (M26) came to me after losing his retail job. He was feeling uncertain and looking for work, and since I run a small local business, I offered him a position. I thought it would also give us a chance to reconnect, as our relationship has been somewhat distant over the years.  

I admit I have high standards for my business. It's my livelihood, and I’ve worked hard to build it. I expect my employees to meet those standards – including my son. Over the years, I’ve developed ways of handling situations that work for me, and sometimes I may come across as dismissive or direct in how I address issues. But in my mind, that's just what’s needed to keep things running.  

While he was working here, my son seemed to have difficulty adjusting to the pace and structure of the job. For example, when he brought up that our water boiler wasn’t working properly, I didn’t initially see it as a big issue, because it seemed like it was functioning well enough at the time. Things like this happen in a fast-paced work environment, and I didn’t think it required immediate attention. I’ll admit, I might have overlooked his concerns too quickly – but I was trying to focus on bigger priorities.  

When mistakes happened, I did address them directly, which seemed to upset him. There were also times he brought me feedback from other staff, but I didn’t always agree with his points. To me, some of the struggles he described are just part and parcel of running a small business.  

The breaking point seems to have been when I shared constructive criticism after we received a negative review. I pointed out where I believed his performance could have been improved. I wasn’t trying to be harsh, but to highlight areas where expectations weren’t met and where things could've been done differently. However, he took it very personally, argued back, and then walked out mid-shift after telling me I was being ""unrealistic.""  

Since then, I haven’t reached out to him, nor has he reached out to me. I viewed his walking out as unprofessional, but I’m also wondering if I handled things poorly as a manager or father. AITA for trying to maintain high standards and holding my son accountable like any other employee?"
9930,AITA-NTA-OG,"AITA Posting for my sister, Wedding Fiasco Posting for my sister. Would my sister be the asshole?

For context: My cousin has been planning a last minute wedding for a month. She invited my sister to be a bridesmaid. My sister didn't really want to, because she has anxiety in front of large crowds but agreed she would go. They bought dresses and agreed that my sister would be her bridesmaid. 

My sister now has changed her mind 2 days before the wedding and no longer wants to go or be the bridesmaid, because she feels obligated to go and her anxiety seems to be getting to her. My cousin doesn't seem to mind and even told my mother that it was okay.  It's our mother who is throwing a fit and making a big deal. She's now even gone as far as to kick my sister out of the house, she doesn't have anywhere to go or sleep.

This has spiraled out of control and I would appreciate some help. So is my sister the asshole here? If you have any questions feel free to ask for more info."
5465,SS,I know people that are in their late 40s and 50s and they didn't make it to where I am
4165,SS,I honestly thought that I would go before him.
5264,SS,His GF controls him like a puppet and I feel like this isn't what he wants but what his dictator GF wants.
8371,AITA-YTA,"WIBTA if I sold my dead grandmother’s wedding ring? My grandmother passed away last year and she left some of her grandchildren her most expensive jewellery and left me (20, f) her very expensive wedding ring. By expensive i’m talking tens of thousands this ring is worth. 

Personally I don’t see the point in keeping it, I’d rather hold onto the memories of her and the ring would just be sitting in its box on my dresser for the rest of my life. 

I’m a broke university student so in my head it would make sense for me to sell the ring and use it for something that would mean a lot to me. I could use it to a) pay off my student debt b) go travelling or c) use it as saving for a downpayment for a future house. 

To me selling it and using it for that would have much more value and whichever I choose would allow me to remember my grandma how I would personally like to.

My dad told my extended family about me considering selling the ring and they all lost their shit. They genuinely seemed disgusted that I would even consider selling something so valuable to my grandma and grandad (both deceased) and they kept saying its not what she would have wanted me to do with it. Now I do agree that my grandma probably wouldn’t have wanted me to sell it as she was very materialistic and her jewellery meant a lot to her, but she left the ring to me and the ring has little meaning to me. 

Now I am conflicted as I don’t feel anything towards the ring and it wont have any use to me, but I know my grandma wouldn’t have wanted me to sell it.

WITBTA if I sold the ring anyway despite my family’s wishes, knowing that my grandma wouldn’t have wanted me to?"
379,OEQ,"I’ve been with my girlfriend now for 5 years. I am 28M and she is 24F.

When we first got together we had a very active sex life and it was always reciprocated both ways, however for the last couple of years I always feel like it’s me who initiates any intimate moments we have together and I’m starting to feel like a pest.

She’s always had a kind of insecurity about herself when it comes to intimacy and I don’t know where this stems from as I am her first love. 

I feel like it’s a chore whenever we have sex now and I’m also getting bored as she’s never willing to experiment different things in the bedroom.

I’m beginning to feel like I’m wasting my best years in my 20’s to explore new experiences.

Has anyone experienced similar and if so what advice would you give?

Tldr;unhappy with the sex life me and my partner have, not sure what to do

TIA"
8170,AITA-YTA,"AITA For not wanting to hang with the crew? Throw away because I don’t want my real account found out.  I’ll try and trim all the fat and cut to the chase. This post is strictly “bro code” oriented, so I’m not sure if it’s the right sub but worth a shot. 


- 2 friends and I are out at a nice bar/club. David – who I’m really close with – and John who I met through David. John’s been out with us a few times. I considered John a bro by default, since David’s my bro and has been friends with John for so many years.

- Another friend of David’s, Will, joins us and decides on his own that he wants to buy a bottle for all of us to share out of his own generosity. We have a table exclusive to us thanks to Will. I’ve briefly met Will before, but this is the first time I’ve actually started to get to know him. 

- While away from the table, a blonde girl in a sparkly dress catches my eye. I set on a stool next to where she was sitting, say “Hi, I like your sparkly dress” with a smile. She finishes whatever she was doing on her smart phone, smacks her hand on my shoulder, says “you’re not my type”, briefly using my shoulder as leverage to get up and walk away. EDIT: Let me emphasise this: ***she laid her hands on me in an aggressive manner.*** It wasn't just words. 

- Whatever, I get it. I’ve got a lot of experience approaching girls and never let it phase me. I know that there’s just some girls out there with low self-esteem and need to put down others in order to make themselves feel a semblance of self-adequacy. 

- I return to our table, and it turns out there’s 2 or 3 girls there, talking to Will and David, and also… The sparkly dress girl, who is a friend of those girls. 

- If I chipped in for the bottle/table, I would’ve told the sparkly dress girl that since I’m not her type, she should take a hike, or perhaps call her out and explain how putting other people down isn’t the solution to a low self-esteem. But since Will paid for it all, and was trying to get with one of her friends, I was put in an awkward spot. I was pissed. I told Will & David that she was very rude to me, and asked if I could tell her to fuck off our table. They shrugged their shoulders and didn’t give any clear answer. In hindsight, I wouldn’t have asked. I would’ve just not been at the table and gone solo for the night at the other parts of the bar/club. 

- Anyway, she got up to leave. However, before she left, John started talking to her, so I decided that fuck it, because: 1. A guy who paid for the table is trying to get with her friend and 2. A bro by default is trying to get with the rude girl, I’m just gonna leave and go to another bar that I actually loved going to and know the staff etc. 

- David & John (who I had now explained how rude sparkly dress was to me) insisted I don’t leave, that I shouldn’t let it phase me, etc. I explained that I’m not mad at the girl herself, it’s just the situation that’s fucked. I don’t wanna fuck anyone’s shit up, but I don’t want to hang with that girl as if what she did was acceptable behaviour or not, I’ll just leave and be happy somewhere else. David said to John that he should ditch sparkly dress, but he didn’t. I told John not to, that it's fine, because I believe a friend wouldn't have to be asked to or explained why to not tolerate disrespectful behaviour towards his friend, he just wouldn't.

- I hung around a bit away from the table but eventually left. 

- Lessons learnt from the night: 1) I don’t consider John to be a friend anymore, as he tolerated disrespectful behaviour towards me for the opportunity to get laid and 2) I’m never gonna let anyone buy me anything again, because it creates unwarranted obligations on my behalf. 

Am I the asshole for not wanting to stay at the table and wanting to leave?

EDIT: grammer, name mix up."
7130,AITA-YTA,"AITA for telling my cousin she can't play a Sister of Battle in Deathwatch? Throwaway because she knows my main.

I run a Deathwatch campaign every Saturday night for me and four of my friends, all dudes. Beer and pizza and locker room talk sort of nights. My cousin's interested in joining, which is cool, but doesn't want to play as a male character. All Space Marines are male, that's how the lore works. She found some articles about converting Sisters of Battle from Dark Heresy to Deathwatch and even suggested how to incorporate it, but I refused, saying it broke suspension of disbelief that someone with no mutations could hold their own side by side with the genetically modified Space Marines. Nothing sexist, just playing a very lore-heavy game and this would absolutely break with the lore. I offered to let her play a Space Marine with pink armor which should be just as good, but she yelled at me and stormed off. It's a dealbreaker to her if she can't play a Sister of Battle or similar female character, which I don't understand. I've never thrown a fit over not being able to play a male character, and Space Marines are beyond gender, transformed into sexless Angels of Death.

Am I in the wrong here?"
6489,SS,I guess because of the fact that I am an attractive
9886,AITA-NTA-OG,"AITA for telling my co-worker what to do So this story starts back a year ago, I work for a large mail manufacturer and had been there for 2 years at the time. We hire on just about anyone that can pass a background check. I was made a team lead about a month before the incident and was still very fresh to the role. Before becoming a lead, I was tasked with training the replacement for the machine I was responsible for in order to move on to my new position. The replacement, we’ll call C, was known for being difficult to work with and smelled of alcohol while on the job, my sense of smell has never been great so I could never notice and never became a problem while training him. Well, a month after being a team lead, my boss’s boss tells me that C needs to run a particular job ASAP, that I needed to tell him, and he had no choice in matter due to the urgency of the work (my boss was out for the day). I go to C and tell him exactly that and this came from above me. C gets pissed, goes straight to HR, and then leaves for the day. HR did not send him home, he walked out. The whole dispute get reconciled and I felt shitty for this whole incident, boss’s boss says don’t worry about it, I move on. Zoom forward to a year later, now, I’ve moved on to a new shift, and a new position that has nothing to do with C except lining up the work before his shift starts. I haven’t talk to C in almost the entire time since then, and I have apologized for that time already. Today, I’m running behind in bring the material for the day to the machine C currently runs, I try to help by asking him where he would like the material and if there is anything I can do to help. He turns around and talks quiet enough just for me to hear and clear enough, “I haven’t forgiven you for what you said to me before, and I haven’t forgotten when you told me I didn’t have a choice. I don’t want you talking to me.” I’m not good with confrontation, and I apologized again. But I got no response and I’m feeling worse than when this first happened. AITA?"
10982,AITA-NTA-FLIP,"Was I in the wrong for sitting in this classmate’s chair, playfully pushing his head, and occasionally slapping his head when the teacher wasn’t looking? I always thought it was just harmless fun, and my friends said I was being cute. But after he snapped at me and made those really hurtful comments about my weight, I couldn’t hold back my tears and left the classroom. Did I go too far, or was his reaction completely out of line?"
3689,SS,when I try to do something I simply think that I'm not capable of anything and that I must be an idiot because everybody can deal with things.
2231,OEQ,"Keeping a conversation going Often I find myself failing to keep the conversation going. It's not that I don't like the person but rather simply nothing comes into my head. The ones that do, I find to be inappropriate to that particular person, e.g. too personal, or too rude. I'm constantly making an effort to think of an engaging topic that it paralyses me from saying anything.

Any tips would be greatly appreciated!"
4417,SS,i know what he feels because i feel &amp; do stuff the exact same way .
10092,AITA-NTA-OG,"AITA for not telling my family how much I earn? I recently got my first job (I'm 19) and received my first salary. I generally try to be somewhat private about myself because I have trust issues with my mom due to how easily angered she is over small things or how panicky she is whenever I am not home a bit later than she expected (a bit of a helicopter parent, to say the least), and when asked about how much I got paid I just said it's not important, which led to us arguing but me maintaining that I have a right to privacy and that it's my own personal information, and her arguing that because I earn above minimum wage, meaning she won't get alimony fees (note: where I live the minimum wage is NOT a livable wage), and that I am not telling how much I earn she can simply not make/get food for me or care for me at all, as well as threatening me with asking my country's IRS about how much I earn with the official reasoning of understanding why she should not get alimony (although I am willing to doubt they would provide such information). In a nutshell, she threatened to cut me off.

I just do not want her to take advantage of knowing the amount of money I have (which is still rather little), and believe that it is normal for a person not to tell how much they earn. And I don't tell anyone in the family how much I earn either, due to the fact that I believe it's private.

Am I the asshole here?"
4217,SS,I think my self-esteem is low since I tend to relate more with caucasian  and Asian people.
2221,OEQ,"[21 M] Feeling lost in life. Hi everyone, I [M21] am a 3rd year undergrad and constantly have this feeling of not knowing my passion or purpose in life. While I see folks around me what they like and working on it everyday to get better at their craft , I feel like I don’t even know what is the one thing I truly like and work on it beside the other things in life , everyday , knowing what my passion is , making progress each day. What is the one thing that I can call as “My craft”. I totally feel like a generalist, knowing many things and not being the master of any one particular thing.

Recently I have realised that you can’t make progress and be great in 6 different things simultaneously. One has to choose his priorities and zoom down on one-two thing that he loves the most , while keeping all others going on but , narrowing the focus, to be great at that particular thing.

It may sound self loathing but I know I am born to be great, but recently I have came down to the conclusion that one can’t be great in everything he does, instead he has to zoom down and find his craft.

And I am having a great difficulty doing this, and seeing people around me on the one thing they love everyday and keep getting better is also making me feel left out and very very bad. 

Your valuable opinions will help me."
5603,SS,I'm very introspective and I don't think I'm delusional or being unfair in how I analyze my life.
5044,SS,saying I didn't know that he was upset by me
9416,AITA-NTA-OG,"AITA for getting breakfast? Lately we haven’t had much money due to doing some work on our house. I’ve had a few problems with food in that I can’t face eating very much at all because I’m due to give birth next week and have had problems with late pregnancy nausea. 

Despite that, I’ve continued to cook for my family. 

My husband is a little picky with food. Each week I ask him what he’d like. Breakfast, lunch, dinner and snack options. I ask him weekly because he complains that there’s nothing he wants to eat. I ask him at those times what he’d like (so I can stick it on the list) but he says he never knows - unless it’s fast food. 

I offer to make him whatever he wants, whether I’m sick or not. I just want to add that I am a good cook- everyone likes my food, my husband has invited people for dinner before to ‘show off’ my cooking and I’m often asked for my recipes or food requests are made of me. I’m only stating that in case people think my husband just doesn’t like my food. 

He has got angry before that “there’s never anything to eat” even though there are snacks he does like or if we’re low or out of something he’ll say he doesn’t know what he wants.

My husband has been hankering after ‘something’ for breakfast each day this week. I wake him for work each morning, get his stuff ready, give him a lunch to take with him, offer him breakfast. He almost always declines because he only feels like a fast food breakfast. As I said, money has been tighter than usual so he hasn’t eaten out. 

My MIL sent a little money just as a sweet gesture to, in her words, get something nice for my husband, me and the kids. I knew he’d would buy cigarettes because he was saying he had nearly ran out. He had refused any food in the morning before work, I hadn’t eaten properly in a few days, the kids were home sick. I don’t have a car and it was raining badly. I felt really hungry  and placed a small order for delivery from a local brunch place for breakfast for me and the kids. 

When my husband came back from work he was pissed. I had truly assumed he’d grabbed something from a place he likes alongside his cigarettes. He threw the cigarettes when he was telling me off for ordering. I explained that I was sorry for annoying him or making him angry and he said that I didn’t care if he was out working on an empty stomach but could get food for me and the kids. 

I don’t know what to say to make things better? He didn’t want to hear any apology. I explained that if I had thought he hadn’t got something for himself, I wouldn’t have got anything for myself. I offered to make him something straight away and he didn’t want anything. 

I feel conflicted because I often go without a lot of stuff I’d like or need but he doesn’t mind buying cigarettes or weed. I rarely say anything about that because it pisses him off. 

I don’t know how to fix this."
6018,SS,I know he is attracted to my body
11562,AITA-NTA-FLIP,"Am I in the wrong here? My friend/family member recently had a son, and while I understand their concerns about privacy, I feel like they’re being overly cautious by not allowing any photos of their baby to appear on social media, even among our private, trusted circles. Their rule feels a bit extreme to me, especially since sharing pictures of loved ones online is such a natural way to stay connected in today’s world. I wasn’t trying to overstep, but am I wrong for feeling like their stance is a bit much?"
8466,AITA-YTA,"WIBTA for telling my GF she shouldn't rely on the advice of her dentist mother for a swollen finger (with pus coming out of it)? My GF sent me a picture of her swollen finger that hurt insanely, and her mother recommended Ice and Combiflam (a painkiller of some kind, according to Google) to treat it.

Whenever I mention she's a dentist (BDS, MDS), she says the syllabus is similar for MBBS students, and that they study this stuff, too.

I've raised my concerns before for other minor medical issues, but I always get the same response and then she thinks I'm being condescending. I'm not trying to be, at least, and I try not to phrase it in a way that sounds so.

WIBTA if I told her to get her advice from a doctor who deals with issues from the neck downwards?

Or do I have misconceptions about the differences and similarities between dentists and doctors?

P.S. throwaway account being used.

Edit: She's a dental surgeon. Master's degree. Idk if that affects her expertise.

Edit 2: Thank you for all your quick and helpful replies!"
11005,AITA-NTA-FLIP," AITA for defending my elderly dog at the dog park? I was at the dog park with my elderly, small-ish dog (about 20 lbs). Even though there is a small dog area, my dog usually enjoys the large dog section because he likes exploring in bigger spaces, and he's always done fine in the past. While we were there, my spouse and I ended up chatting with a young woman and her friend, who had their dogs with them. The conversation was pleasant enough, but shortly after we parted ways, one of their dogs—a larger, rambunctious one—ran full speed into my dog, knocking him over. 

When the dog collided with my elderly dog, I was upset and worried about my dog's safety, so my initial reaction was to swat at the larger dog and yell to scare it off. The owner called her dog back, apologized, but then brushed the situation off, saying her dog was young and just ""didn’t look where he was going."" I expressed concern and frustration, pointing out that her dog had been too unruly and could have seriously hurt my dog. She then snapped back at me, suggesting that if my older dog couldn’t handle the big dog area, he shouldn’t be there and should stick to the small dog section.

I felt hurt and defensive—my dog didn’t do anything wrong, and it's not unreasonable for me to expect other owners to control their dogs, especially in this mixed-used dog park. Now I’m wondering, was I wrong for reacting the way I did and confronting her about it? AITA?"
3284,SS,I know plenty of chicks that have no problems and I envy them.
3038,SS,I feel like I cannot really trust a word that comes out of either of them.
7195,AITA-YTA,"AITA for giving my friend a massage My (male) friend has an awful back and is constantly complaining about it. Today it was really bad so I offered to have him come to my apartment and I’d give him a massage. I’m not a masseuse but people always tell me that I’m great when I rub their shoulders.

I bring him to the apartment and he takes off his shirt and lies on the bed and I rub his back. Nothing too exciting. My boyfriend texts that he’s free and if I want to do anything and so I invite him over as well. He only lives a minute or two from me so he came as I was finishing the massage and freaked out.

He said that I can’t just go massaging random people because it’s intimate and weird. I was just fixing a friends back. AItA?"
8042,AITA-YTA,"AITA for kicking all my friends out my house because one of them keepings going on his social media’s while “hanging” with us? Background: A couple of my friends were over my house in my basement to hangout out. We haven’t had all of us here in a while, so we decided to do something. Three of us are 16 years, and one is 14.  Me (16), Jermey(16), and Steve (16), usually hang every 2 or 3 weeks and come over to my house to chill. It always make me angry when you are trying to be with someone and they are constantly having conversations with other people either through text or Snapchat, while being with you. If you want to talk to someone so bad, then go hangout with them, don’t waste my time. My friend Steve is always snapchatting these 3 girls, every chance he gets. Or, to waste time scroll through Instagram... I’d say 80 percent of the time, hes looking down at his phone taking half face photos of himself. On the inside, I get very hurt and I refuse to let myself use my phone if not necessary, while I’m with other people. I have not said anything to him since. 

Today: Me Steve, Jack (14) and Jeremy we’re chilling, talking, playing videos games ping pong and monopoly in my basement, and Steve was doing the same thing he always does, go on his phone every opportunity he gets. The whole night it was pissing me off, so I’m the middle of an interactive video game where you need everyone to participate. Steve was delaying the game by being on his phone, it wasn’t bad, but it was still happening. So I turn off the tv and Xbox without warning. And tell them they need to leave my house, it’s getting late (which it was 11:45 pm). They seemed shocked, but they agreed and left. 

I later texted Jermey and Jack why I did that, and they told me you could have had a talk with him, you didn’t have to go that far. 
Too some extent I agree, but i don’t want to make someone feel bad because of a habit, it’s his life I’m not gonna tell him what to do. He’s gonna figure out the hard way, when people stop being friends with him because of this."
7588,AITA-YTA,"AITA for not wanting to go to Thanksgiving? This might sound like I'm being childish. When ever I'm around family I feel super uncomfortable, mainly because I don't love or even like my parents (mostly my dad). I'm 17 almost 18 and I want to start to take control over my life and my parents drag me places and make decisions for me. I've started to push their buttons more and we've began arguing again, but I've stopped caring. Family means nothing to me. They say ""You can choose your friends but you can't choose your family"". But I think thats wrong, I can make my own family, other people who care about me, and I them. I know there has to be some one out there who hates waking up to the same untrustworthy people evey damn day. Although I could just be being a brat about this."
1413,OEQ,"How do I stop arguing on the Internet and caring what others think?  Apologies if this isn't the correct sub.

My problem is that I tend to try and correct people that make generalizations about my country. I know my country has several flaws, but I don't like generalizations. Might seem like a patriotic trait, but I'm not very patriotic. I guess you could call me a bit *selfish* because my primary intention is that I don't want people to hate me simply because of my nationality, I didn't choose my birthplace.

And to make things worse, I've noticed a certain group of people deliberately spreading misinformation on various sites (including Reddit), and so I tend to reply and call them out for trying to misinform people, because I don't want random people to end up reading their propaganda and then hating me (based on my nationality) for it.

The past few years have been a downward spiral for me, and this lockdown has made it worse. I've reached my lowest point and my past few days have just been nothing but sadness and despair. How do I stop caring what other people think? I see the people around me and most of them have no clue about the types of things people say on the Internet, they're just happy the way they are and I wish I were the same."
9373,AITA-NTA-OG,"AITA, Threw my brothers mattress onto the footpath. My 18yr old brother has been living with me for a few months and he's not pulling his weight or abiding by any rules Ive put in place. He hasn't paid rent, living with me cause he's broke but he has a job.  And he keeps leaving  a mess in the kitchen and his room.  I have puppy and my brother has left kfc bones in his room for the puppy to find and eat several times. He also leaves dirty plates in his room sometimes with food on them for days.  The leaving dishes and food in the room is my pet peeve and I've torn him to shreds about it multiple times but he doesn't listen. 

Today I  came home from work and couldn't find my headphones,  found them in his room and also found a plate on the floor with half of his dinner from the night before.  

So I put his mattress outside and texted him that he didn't live with me and took my dog for a walk.  

He's begged to me that he has nowhere else to go and he's cleaned up the house tonight and apologized. I'm not going to kick him out but I have no idea of how to get him too listen. I'm just over being treated like I don't have a say in my own house. 

So aita?"
4934,SS,I just want them to know she's awful to the dog
9657,AITA-NTA-OG,"WIBTA if I let my boyfriend throw up on himself? My boyfriend was recently diagnosed with chronic GERD, esophagitis type D and congenital hiatal hernia. What this means is that he has had a bunch of associated complications such as insomnia from the heart burn and constant throwing up at night. He was given strong medications for his insomnia which also means he is barely coherent when he throws up on himself, the bed and sometimes on me. This used to occur once a month around 3 am and i would clean him up and put him back to sleep. It is now happening every other night and my sleep quality has gone to shit. I am very sensitive to sound and used to sleep with ear plugs. However, I do not want him to choke so now I shoot up with a bucket at every cough or loud gurgling snore. I dont want to resent him but i am tired and exhausted. I have tried making him sleep with a wedge pillow but he does not find it comfortable. He is on medications which have stopped his day time symptoms but not his night time symptoms. I know he can’t help it and I am trying to stay calm because of course I care and dont want something to happen to him. I want to be mad but I also have no right to be mad which sucks because then I have to hold in my frustration. The  worst part is he doesn’t realize how attentive I am when he’s sleeping and has started to say I am overly sensitive or acting different when in reality I am just tired and don’t want to be puked on again. WIBTA if I slept in a different room and just let him throw up on himself? I just want to sleep. "
2483,OEQ,"How to make friends in your thirties Quick backstory:

I've always been kind of a 'weird' guy, ever since I was a kid. I never really made friends easily or had many, just a few over the years who are long gone from my life. I had a troubled youth, spent some years in various facilities, lost touch with all of my old friends. I moved to the city, got pretty heavy into drugs for a while, then met the woman who is now my wife of 10 years. We got married in my mid-twenties, she got pregnant 4 months into the marriage, and I immediately got off hard drugs and began focusing on being a father. I've been a stay at home dad for 8 years now, I've had only a couple part-time jobs during this span of time. I spend most of my time at home with my children, or running errands. I'm hardly ever in a situation where I could meet a new person, let alone someone I could forge a friendship with. I love my wife and kids, but my family alone isn't enough for me, I want to feel that friendship connection with someone. It's so fucking awkward at my age. (Have you seen 'I love you, man'?)

Anyway, aside from my age and situation, I'm just a super awkward guy, I have severe social anxiety and currently un(der)medicated bipolar disorder. I've thought about trying to make friends at events revolving around my interests (comedy mostly), but the anxiety makes it incredibly difficult to approach anyone, and the idea that I'm trying to find a friend to alleviate my loneliness, just adds pressure and makes it all feel borderline creepy. I just feel like my life is (and has been) missing something that I'm finding more and more is actually terribly important. Any help is greatly appreciated."
8144,AITA-YTA,"WIBTA if I reported a guy who sexually assaulted the girl who has a crush on him to our school's administration? Background: I (17M) go to a fairly nontraditional public high school because  of unique circumstances surrounding my life, but most of the other male students are there do to serious behavioral issues. 

Recently, I was sitting with my SO (let's call her K) at school, and one of her friends (A), who I don't know very well, came up to us and told K that A's crush grabbed A by the pussy. 

My immediate assumption was that this crush would be reported, and that A now hated her crush for doing something like that, but to my great surprise, A just brushed it off but was also clear (to us not her crush) that she did NOT like it.

Later on, I told K that I was really concerned that someone sexually assaulting A didn't seem to phase anyone but me, and K just told me that A has a habit of dating human garbage and only realizing how bad they are when it's already over.

To me, this just screams that A doesn't have the self-respect to stand up for her wants and basic rights, and I'm really considering reporting this because I think A could easily have something much worse happen to her if she attempts to go out with this douchebag, but I also don't know A very well, and I am worried about starting a confrontation.

WIBTA if I reported this asshole to stop A from getting hurt?

Edit: Thanks for the replies everyone. Glad this was just a hypothetical."
2633,OEQ,How do you stop conversing with a person who will always continue the conversation after a brief period of silence? How do you get out of this situation?
3437,SS,i used to think i was a normal
8188,AITA-YTA,"AITA for throwing away a Secret Santa gift? I'm part of a club at my university that does cosplay, and every year we have a Secret Santa gift exchange during our Christmas parties. We each receive a name for the person we need to get a gift for, along with 3 interests on it so that we have an idea of what to get them. There's always a 10 dollar limit so things don't go overboard. I made sure to do extra research on my Secret Santa because I like to take gift giving seriously and bought them a book of an anime series they liked. And in the end they really liked it. My gift however, was not even exchanged during the gift exchange. I thought maybe the person who was to give me my gift couldn't make it to the party, but 5 minutes after the whole exchange, he exclaimed that he nearly forgot to give his gift. He walked over to me and handed me a circular piece of red plastic with the Naruto symbol engraved on it. He then excitedly told me that he made that this morning in the 3D printer room. I thanked him and left the party after it was over and threw it in the garbage after a walking significant distance away. I never wrote anything about Naruto or anime on my sheet, I asked for DnD stuff or candy. I know that this guy has a case of ADHD, so I feel somewhat conflicted in my actions. Should I be pissed or not?"
6162,SS,I feel like a could really teach him and his friends a lesson with this idea.
3369,SS,I feel like he'd just shrug it off or get angry.
3263,SS,Idk I guess I’m being delusional.
2127,OEQ,"How to be more fluid in conversations Many times while in conversation with a stranger, I find myself having a ""brain-crash"". For instance, if I help someone out and they say ""I appreciate you"" My brain will freeze up and think ""Do I say thank you? Do I say I appreciate them too? Do I say You're Welcome?"" and by the time I've thought about this my brain says ""Woah it's been too long you need to respond!"" and I'll end up half saying something like ""Well I apprec-"" and then mumble at the end. How can I make it to where I'll just say something quickly and confidently?"
2412,OEQ,"Who to trust? First of all, if this is not the correct form to post, I apologize. And I know that I won't find the answer for my problems here, but at least a tip about how to solve them)

Lately, I'm feeling full of distrust towards people from outside of my family core. I don't even talk with ""friends"" I normally hang out with, 'cause I think they only need me to make fun of me or things like that (I usually stay at home and they are just the opposite, so it's a bit of a clash).

My boss asked me to go by his bar to have a drink (I'm currently unemployed because of COVID) but since last year it was tough for me at work, nor I trust him nor his ""circle"".

I feel hopeless (maybe paranoid) in terms of how to handle this kind of situation. Like, everyone else outside is a threat.



I appreciate your feedback, just like in the previous thread"
11758,AITA-NTA-FLIP,"AITA for asking a customer to wait to check out at a Frozen Yogurt Self-Serve store?  

I (17–19F) work at a frozen yogurt shop, and one day a man (25M), his wife (23F), and their toddler (2F) came in to get yogurt while I was behind the counter. While they were serving themselves, I stepped to the back to text or take care of something briefly. When they were ready to check out, the man leaned over the counter and called out to me, saying they were in a hurry and asking if I could check them out quickly. I glanced up and told him to give me a minute but didn’t immediately return to the register. 

After a few minutes, I noticed that they had left their yogurt cups on the counter and walked out. Later on, I heard the man’s wife thought leaving the yogurt behind was rude since I didn’t acknowledge them as they left. Am I in the wrong for asking them to wait and not addressing them again before they left?"
10115,AITA-NTA-OG,"AITA For sending videos to my mum and dad. so I have a pretty annoying little sister who turned 15 last month, she has started hanging out with a group of girls that I personally didn't trust as I knew one of the girls older sisters and that family is really into drugs and alcohol. I never really told my parents as I figured they knew (the dad is in jail for drug charges, and it was kinda a big thing in our small town)

2 nights ago I was going through Instagram when I saw that my sister had uploaded a Instagram story, it was her and the girls I mentioned walking around town. 
all the girls (5 of them) are all aged around 14/15 years old and it was around 12:00pm in the city. 

my sister did not look drunk but some of the other girls clearly did, so I used the I phone screen record thing and sent the video to my mom. 

they where incredibly thankful and sent the video to the mums of the other girls. 

my sister found out I did it and told the other girls, I am now the literal embodiment of satan (sisters words) and the other girls that got caught up in this absolutely hate my guts. 

my friends have also taken my sisters side telling me that I'm a snitch and need to back off. 

I did not do it to get her in trouble I just wanted her to be safe and as she refuses to listen to me I figured my parents had to know. 

I'm 17f btw 

AITA?

EDIT 1

just because my sister did not look drunk does not mean she was not drunk, the other girls where slurring words and struggling to stand up. she was not acting like that"
724,OEQ,"I work long days sometimes 12 hours+ including the commute and I have to be up at 6. My BF works 8hours and we live right by his work. He doesn't get up until half 8. He doesn't want to move.

Every night when I get home we take it in turns to cook the tea. We spend most nights together and talk a lot every evening about our day etc. Then we zone out and watch TV but still talking a bit. I like to be in bed by 10 as it takes me a while to fall asleep due to my busy day. He goes about 12. I've told him when I'm tired I need to go to bed and not force myself to stay up longer. 

My issue is every time I say I'm going to bed he THEN decides to start telling me a story, sometimes following me into the bedroom to carry it on. He also does this if I'm going out to meet a friend or if my friend/family member is picking me up. He will wait until it's exactly the time I need to leave, or get the text saying they're outside, and start telling me something then. He gets offended when I cut him off and ask him to tell me the rest later.

I've asked him time and time again to please not do this. Even going as far as to say ""I'm going to bed in half hour, if you need to tell me a story or something please do it now."" He will still remember something right before. He also goes to the bathroom the second I say I'm going to bed, and takes like 10 mins so I have to wait to brush my teeth, but I've started going before saying it so that's not an issue now.

It's stressing me out that he won't listen. I feel like he's trying to get me to prove he is more important than my time or sleep or other people, and taking advantage of the fact I'm a polite person.

What do you think?

TL:Dr: BF waits until I'm going to bed or going out to start telling me a really long story."
9514,AITA-NTA-OG,"AITA for trying to plan a vacation with my friends?  I have a group of buddies who like to get together a couple time a year in different cities throughout the U.S. When I was younger, not married and not as busy at work, I would go on most of these trips and have a great time. Now, with more responsibilities I have not been able to make any of them for several years. It's especially hard that I'm not included in the planning. I'm just asked after all the arrangements are made if I want to come with them. Last year's trip was out of the country, the dates were set and I was asked to join them for the trip that was to take place the following month. I would have absolutely loved to have gone but I am the only senior manager for my company at my location and I run my own business on the side so I need more time to plan something like that. I want to see these folks and plan a trip so I decided to be the initiator. I suggested we do a trip, gave an example location and suggested a time that's about 12 months out so everyone will have time to make arrangements. A few of them thought it would be a great idea except one (my closest friend and link to the group). We went back and forth through text, him accusing me of intentionally not wanting to go on vacation with them and all of a sudden wanting to plan something. He basically became brash and accused me of being an A$$. All I want to do is plan a vacation with friends I haven't seen in several years. AITA?"
1791,OEQ,"How do I stop looking so guilty all the time? Basically in everyday scenarios my anxiety kicks in, and I go red promoting me to look guilty.  

Where has this item gone - looks like I did it.
Where have you been - I've been somewhere genuine but I look guilty.  

This shit is taking over my life."
2715,OEQ,"Jeweler doesn't realize I already picked up ring, has another ready for me Hi, wondering what I can do to avoid culpability here.  Thanks for your time.

1. I ordered a solid gold ring (with two small diamonds) a month ago and picked up a few weeks later (right near Thanksgiving I went to their offices and picked up the order)
2. They have begun contacting me again saying 'please come pick up your order, it's ready here.'  Now I would LOVE a free solid gold/diamond ring, butttt I don't want to get caught.  I also adore their stuff so will likely purchase again...

Can I go pick up the ring or send a friend and not have backlash if they figure it out later?  Or should I send a friend and cease all contact, instead purchasing through another name?  They have my full name / email address and would likely be able to track me down.  The ring is worth over $500.  Thank you."
2288,OEQ,"How do I prom? I am an antisocial male (diagnosable antisocial so I'm not just being dramatic), and a girl just asked me to prom. I was not planning on attending so I don't know what to do, what it will be like, and how to do anything? I said yes to not be a prick. So my question is, how do I prom? Anything will help.


(Yes I understand that ""to prom"" is not a verb. I thought it sounded funny.)

"
9387,AITA-NTA-OG,"AITA for telling my own mother to shut up? Before you instantly downvote/say that ITA (which I'm expecting at this point), hear me out. For some background, I'm currently enrolled in a summer course to regain credits that I need to proceed to grade/year 10 in school.

&#x200B;

I was in the car with my mom, and we were driving home. I was talking to her about how the classes went, and she was talking about work. We then got on the topic on bills, which I help her submit payments through her bank for, and how I never paid a specific bill. Obviously, the bill was late, and she was charged a late fee. At that point, I felt really bad because it was my fault that this was happening, but then she starts saying how her bills are more important than my computer, which she says all the time, and I understand what the point she was trying to get through was.

However, I got frustrated with how she was constantly reminding me that it's my fault that she was charged, and I raised my voice at her. I told her that if she didn't trust me with her bills, she can either have my brother do them, or I could show her how to submit the payments. Then, she said ""You know what? I don't deserve to get yelled at like this. Watch what'll happen when I don't call you to wake you up for school. Maybe you'll stay in the 9th grade for the rest of your life.""

At this point, I lost it. I yelled at her (still in the car) ""SHUT UP! I DON'T WANT A CONSTANT REMINDER ON HOW MUCH OF A FUCKUP I AM!"" and got out of the car. At this point, we had parked in front of our house. And I then said ""I hate how you keep reminding me of my failures, it's so fucking annoying"" and unlocked the door. Upon entering the house, I ran to my room, and shut the door. And now I'm here, writing the post.

&#x200B;

So r/AmItheAsshole, am I the asshole in this? Because right now, I feel like a total piece of shit for yelling at the person who gave birth to me.

&#x200B;

Edit: I don't think I was clear about the ""I help pay for my mom's bills"" part. I send in the payments for her bills, but she's the one who's giving the money to pay for the actual bills."
11790,AITA-NTA-FLIP,"Am I in the wrong for getting upset and frustrated with my 15-year-old child when they constantly text me about how much they hate being a girl? My child has been struggling a lot lately, and they text me often during their school breaks to talk about how much they dislike being female. They say it depresses them, and they wish they had been born a boy instead. I know they're hurting, but it’s difficult for me to hear them speak so negatively about being a girl — and, honestly, it feels like they're criticizing not just themselves but also me and our shared gender.

I’ve tried to encourage them by pointing out positive things about being female, like wearing makeup, the ability to have children, or other strengths that women have, but it seems like they completely dismiss these things and don't find them helpful. It feels like no matter what I say, it’s not enough to make them feel better, and their constant negativity weighs on me. When they say these things, I can't help but feel upset, too — not just about their feelings, but because it feels like an attack on all women, including myself. I want them to love themselves as they are, and sometimes I tell them that this might just be a phase they’re going through, like I experienced as a girl. But when I say that, they get more upset and say it only makes them feel worse.

I’m at a loss. I work hard to try to uplift them, but their constant texts and complaints feel overwhelming. I don’t think I’ve handled it perfectly, but I’m only human, and it’s excruciating to watch my child deal with this while also feeling like I'm being personally criticized in the process. Am I in the wrong here?"
2301,OEQ,"Thinking myself to death Lately I've been thinking myself into pain almost because I'm so scared of something being wrong with me. I'm literally thinking myself into headaches, stomach aches, or my side hurting. I've also scheduled a doctors appointment that way I can talk this through with my doctor and check if anything is wrong with me to relieve me of my stress. So I'm just wondering how I can stop this besides just keeping myself occupied?
Sorry for any errors as I'm writing this on mobile.

"
7250,AITA-YTA,"AITA for “borrowing” a shirt from a clothing store? I have an event tonight that I need a black button down shirt for. I bought one used on an app called Poshmark for a huge discount, but the seller never shipped it (I luckily got a refund from the app).


But that doesn’t solve my problem of needing one by tonight. The store I’m going to has a 60 day return policy on their items. So I’m probably gonna go to the mall, buy one but leave the tags on, and wear it tonight for my event, wash it, and return it to the store tomorrow. 


Is this unethical? Just curious"
10366,AITA-NTA-OG,"AITA for getting annoyed at someone's ""magic trick"" So my ""friend"", loose term since he's sort of just a part of my friend group and I consider him to be somewhat of an attention-seeker, is a bit of a magician in that he knows some sleight-of-hand, card tricks, etc. Anyway, last night we went to the bar to celebrate the end of the semester and let loose a little. Mind you, the bar is really packed and crowded and when we were about an hour into our drinking session I notice that my wallet is missing. I look around and start to panic because I assume that I was either pickpocketed or I had dropped it somewhere when this guy waves his hands and says, ""Is this your wallet?"" with a pretty theatrical emphasis. We all kinda chuckle, but internally I was a bit annoyed that he had the nerve to just take my wallet like that and I responded with, ""Yeah man haha, thanks for finding it! May I have it back please?"" He then puts his finger up in a 'Hold-on a second' kinda way and says, ""For your inattention I shall make 20 bucks disappear!"" I chuckled, thinking he was joking, but then this guy proceeded to take 20 bucks out of my wallet! I grabbed it away before he could and was a bit stunned he had the nerve to take my money like that. He then used the 'Dude it's just a joke' excuse and was pissed that I grabbed my wallet away from him. After that I could feel a bit of tension in the air, but I thought it blew over cuz we proceeded to have a pretty fun night, but I could tell he was really annoyed at me the rest of the night. The next day I talked to him and requested that he not do anything like that anymore cuz I work hard for my money and I didn't give him permission to snatch it like that. However, he thought the talk I asked him to have was going to be an apology and that next time I should just let him have his fun and that I'm overreacting.  I personally don't think I overreacted when I took my wallet back, but two of my friends said I should've just let him finish and that I was the asshole and should've apologized to him. I have no intention of doing so, and am currently thinking of who and who isn't coming to my house for the annual summer BBQ and currently have a few friends crossed off the list. I don't like cutting people out of my life, but I consider this to be toxic entitled behavior and do not want to put up with it. I know just from this it seems like one moment, but this behavior pattern extends past this and although I may be overreacting with the BBQ I think it's the best decision for me right now."
11416,AITA-NTA-FLIP,"

""Am I in the wrong for trying to discipline my kids in a way I believe is appropriate, only to have a family member undermine me? While on a family holiday, I’ve been handling a few tricky parenting moments with my two kids (6M and 8F), and it seems my relative doesn’t agree with how I’ve chosen to address their behavior.  

For example, when my son had an issue with his hotdog being 'too hot' and 'having a hole in it,' he eventually dropped it on the couch, spilling sauce everywhere. Frustrated by the mess, I told him to clean it up with his hands unless he wanted to stay in his room for the rest of the holiday. Sure, I raised my voice at one point, but it was a frustrating situation, and I was just trying to teach him to take responsibility for his actions.

Another time, my daughter went behind my back and asked her grandmother to download a Minecraft-style game on her phone, breaking a rule I’d clearly set about that type of content. I’ll admit I was upset and called her 'deceptive' and 'manipulative' because I felt she knew exactly what she was doing. I banned her from using the phone to help her understand the consequences of her choices. On the same day, she accidentally dropped her tablet, and I thought the screen was cracked. In the heat of the moment, I sent her to her room in tears, but later, it turned out there was no damage.  

The final straw was at dinner when she refused to finish the chicken on her plate. I told her she wouldn’t get dessert because we’re trying to teach the kids not to waste food. I gave dessert to the other kids and reminded her of the consequence to reinforce the lesson. Later, I found out that my relative gave her ice cream anyway, undermining my decision. When I called them out for disrespecting my parenting choices, they had the nerve to call me 'mean' to my own child.

I’m doing my best as a parent to instill values of responsibility and respect. So, am I in the wrong here for sticking to my parenting style and expecting my family to support—rather than challenge—it?"""
424,OEQ,"\*\*Updated with some responses to people's comments\*\*

I am sure nothing about what I am going to say is new to a lot of people. I feel like this topic comes up a lot here so I apologize for the rambling. But this has reached a point for me where it is having a serious impact on my mental and emotional health. Mainly because as I start to think of dealing with it long term, it becomes hard and harder to see that as being possible. Which brings up questions of how do I keep this thing from truly ruining and ending a marriage?

I guess I am mostly to blame for this. I let the issue go on for too long. There were always signs of my wife's lack of desire for sex. From never really wanting to initiate to even being very uncomfortable even joking about or talking about sex. I am also truly upset at myself for being the one who clearly cares more about it. Letting it have this level of impact on me seems so stupid. But it's a hard thing for me to ignore at this point.

We've been together for 7 years. Married for 2. In the beginning, our sex life was just good. It was frequent. Especially when we didn't live together.

But once we moved in things noticeably changed or maybe being together more frequently made things more noticeable. She initiated less and less. Even often interrupting moments when I was trying to initiate (like saying she needed to take the dog out or shower while we're on the couch and I was making and move - and= when she was done she'd head straight to bed and never returning to whatever moment we were just having). It got so noticeable it caused me to initiate less because I felt slightly uncomfortable or worried that I'd put myself out there and she just reject it. This was something I brought up before and there were promises to be better but that never really happened.

I also started to notice that she doesn't even seem comfortable talking about sex with me. Even making disgusted faces at just jokes about it. I never thought much of it at first but given everything else, it started to make me wonder if she doesn't like sex, or like sex with me.

When we do have sex it has become so routine. Not sure we've had sex before 9 PM in years. Never try new things. I tried introducing or suggesting toys or games but that went ignored or again, disgusted reaction.

The last 2 years or so have been a struggle more than ever. We're down to sex *maybe* 2 times per month. I also started to notice that it seems like at this point 8 out of 10 times we do have sex she needs to have been drinking first

I don't know what to make of it. She hinted at a lower libido recently but that doesn't seem to explain it because it isn't something that suddenly started. And why, if that was the case, bring it up now when it is clearly something affecting our marriage. I've made it known already that lack of sex has had an emotional impact on me. Yet nothing from her has changed. Given the drinking thing, I can't help but feel like it's due to a lack of attraction. Or maybe she has other means to satisfy herself. I don't know at this point.

I should note that my libido has risen slightly in the last year or so due to medication I started taking which has made things even more difficult. It just feels like such a ridiculous thing to let cause a wedge in a relationship but at the same time sex can be such an important part of a relationship. It certainly is for me. I should have realized a lot of this sooner so there isn't anyone else to blame. So how exactly does one solve a situation where one partner just clearly doesn't care about sex the same way or have the same desire for it? What steps should I take? I literally at this point have started looking up libido-lowering supplements of medication because I hate how this whole thing is impacting my relationship but at what point is that futile?

TLDR: My wife and I have an ever more noticeable differ in sex drive that is starting to show in our marriage and I am not sure what to do.

&amp;#x200B;

Didn't expect this to blow up. But to summarize some responses to comments I saw:

**Comments about her enjoyment of sex -** My impression is she does enjoy it and I do things before/after to make sure she orgasms almost every time we have sex. 

**Comments about showing affection without expectation of sex -** I do this ALL the time. It is another thing that has actually come to bother me but I kept it out of this post. I am pretty much the only one who initiates non-sexual hugs, kisses, snuggles, compliments, etc. Maybe it is another sign of her lack of attraction or aversion to a physical connection with me that I just have ignored for so long. But outside of a kiss goodnight of the occasional compliment, she shows very little outward affection.

**""Women aren’t attracted to and do not want to have sex with the people they are taking care of in a maternal manner."" -** It is actually the opposite in this case. I provide 100% financially for our shared finances, our chores are split about 80%/20% (me doing the 80%), I take care of all bills, groceries, etc. and I have to plan practically everything (trips, meals, what we are watching). Not because I am controlling but because the expectation has fallen on me. Otherwise, a lot of it wouldn't get done.  I am also the only one who does things like gets random gifts/surprises or try to make the other feel better when they are sad or just for fun. Massages. Getting her favorite candy if I am at the store and I know she had a rough week. etc It is actually hard to remember the last spontaneous thing she did for me.

&amp;#x200B;"
8129,AITA-YTA,"AITA for unintentionally making a woman feel awkward at work?  

So there's a woman at work (F, 22) that I (M, 34) have a lot in common with and think is really great. I confided privately in another female friend that she would normally be the kind of woman I would go for but because of the age difference, work setting and the fact she has a boyfriend means it's a no-go. She went and told her for some reason and she ended up asking me if it was true. I admitted it but explained it was a hypothetical observation and I had no intention of acting upon it.

She became very angry saying how creepy it was and how I should keep my distance etc. I apologised and explained it was a private comment and I never said it to her directly, and how I had never behaved inappropriately to her (which I haven't). I said I wouldn't want her to feel awkward at work and how we still need to work together so we should be professional and not cause any issues. Since then we've just been carrying on as normal but she gives me funny looks and weirdly keeps interrupting my conversations with other people for some reason. I hate the idea that she might be slandering my name around the office and making me sound like a creep. I generally get on well with women in my office and never had any issues before.

The woman who told her thinks it's all really funny and she admitted it was a petty act of revenge for a joke I had once said to her.

SO am I the asshole? All comments welcome. I'd particularly like to hear from women redditors since maybe I just don't get why this is such an issue."
4618,SS,"I don't know if it's different elsewhere but when I graduated there was not much fanfare over who the valedictorian was other than ""here's another person giving a speech at graduation."""
10467,AITA-NTA-FLIP,"Was I in the wrong for feeling hurt and excluded when my friend didn’t invite me to hang out with her other friend group? She had a lot of close friendships from her old school that carried into college, and when she spent weekends with them, it felt like she purposely kept me out. Yes, I’d only met them briefly and didn’t share their inside jokes, but I felt like I wasn’t even given a chance to be included. Was it unreasonable for me to want her to let me decide whether I’d fit in or not, instead of assuming I wouldn’t enjoy it?

I know she valued her old connections and didn’t want to dilute those moments, but I felt left out, especially since I didn’t really have a separate friend group of my own to fall back on. It also hurt when she changed plans with me last minute that one Saturday and then hung out with someone else—even if they were studying. In both cases, I felt sidelined. Was I overly sensitive or controlling for expressing how I felt about these situations? Or was it fair for me to want more effort from her to include me?"
468,OEQ,"My boyfriend (21) and I (20) have been together almost 3 years. He is a wonderful guy and treats me very well. We hardly ever argue and when we do it is always about the same thing. His best friend. His best friend hates my guts. He calls me the most horrible names imaginable. He says horrible things about me and it’s clear that he doesn’t like me. I thought things would change after we were together for a while, but he won’t give it up. He will invite my bf to go places with him and just have girls show up to make me upset. Or tell my bf to break up with me. Every time my bf is with him something bad happens. I have talked to my bf about this multiple times. Saying how hurtful it is and I’m confused why he hates me so much. All my bf ever says is “well we’ve just been friends for so long” blah blah blah. Tonight I heard that he told a mutual friend that my bf was never going to marry me because I wasn’t the right one for him. Out of all of the nasty things that he’s said about me, that one hurt the most. He knows nothing about our relationship, and he won’t even take the time to get to know me. His best friend is also a pathological liar, a cheater and he treats my bf horribly. Looking into the future, I don’t know how I’m gonna deal with his best friend. What do I do? 

tl;dr - my boyfriend’s best friend is a horrible person and he is so mean to me. What do I do??"
8364,AITA-YTA,"AITA for telling my wife I think it’s weird that she still sits/cuddles on her father’s lap when we visit each other? 
My wife has two brothers who are several years older and I’ve always gotten the impression her parents still view her as the baby. She’s pretty spoiled by them (before she got married, they paid for school,cars, rent, clothes, and whatever else she wanted). That was fine because I knew what I was getting into with her. 

But what irks me is that it’s like she regresses when she gets around her parents. I don’t know how to even articulate it. The lap thing though is the most obvious example. If I’m being frank, it weirds me out. I thought it was just me but one time at a birthday party for another family member, my own mom actually asked me about it. 

Basically my wife will sit on her dad’s lap and cuddle with him. Often put her arms around his neck and rest her head on his shoulder. I guess I just didn’t grow up in a house where people did that past like age 7, I don’t know. 

ALSO her dad still buys her presents that in my mind, are a bit much. For example, my mother-in-law told me that he’s planning to give my wife some kind of diamond pendant for Christmas. I guess it’s nice but also...why...

I spoke to my wife about the lap thing because I thought it was the most concrete things I could mention. But she got all defensive and irritated. By the end of the conversation she just goes “Fine! I won’t do it anymore!” 

I know she’s pissed at me now. But was I in the wrong? I mean is all this stuff normal and I’m just missing something? 

(Originally posted in the advice sub but someone pm’ed and said it might be appropriate here too). "
10409,AITA-NTA-FLIP,"Is it possible that I, as the parent in this situation, am in the wrong for persistently asking my child about having grandchildren, despite them showing no interest, and then reacting emotionally and defensively when they explained their reasons—especially if the explanation made them feel unappreciated for the sacrifices they made growing up?"
10910,AITA-NTA-FLIP,"Am I wrong for being upset that my son doesn’t hug me? I know it might seem strange to others, but this situation has been weighing on me.

My son (15M) hasn’t hugged me in about two years, and this really hurts me. I try not to show it too much, but I feel deeply rejected by him. I understand that he was recently diagnosed with Asperger's/ASD, and while I admit I haven’t fully learned about the condition, I didn’t mean to dismiss it when I told him it wasn’t a big deal—I just wanted to reassure him that he’s not “broken” or “abnormal.”

I’ve been concerned about his health for a while because he’s overweight. I know I might not approach the topic perfectly, but I feel it’s my responsibility as his mother to look out for him. I try to point it out when I notice unhealthy habits, especially at meals or around Christmas when there’s a lot of overeating involved. I thought I was doing the right thing by addressing it directly, but it seems like he’s misunderstood my intentions. I feel awful knowing it might have hurt him more than I intended.

I also recognize that he’s uncomfortable around me in certain situations, like brushing his teeth or practicing hygiene, and he became less anxious when I wasn’t around during summer last year. That realization stung because I’ve always wanted to be a caring mom, and I hate the idea that I’ve made him feel pressured or judged. I just wish he could understand that I’ve been trying to act in his best interest, even if I’ve missed the mark sometimes.

Most of all, I miss hugging him. To me, a hug is an expression of love and closeness, and I’ve been deprived of that for years. It’s heartbreaking to think that he feels distant or even resentful toward me, and I don’t know how to fix it. Am I wrong for the way I’ve approached his health and our relationship, or does he bear some responsibility too?"
937,OEQ,"TL;DR:   My marriage has been not great for me for a long time.   I accused her  of cheating, which kind of shocked her into putting in a lot more  effort.  She's turned it around, but I my doubts and resentment are  inhibiting me from fully loving my wife.

My long story below:

My   wife and I had been suffering from a semi-dead bedroom for a long  time.   When we had sex, it was ok.  But then we would go weeks without  sex.   Often it was only 1 or 2 times a month.  I would get turned down  often.   We had many, many talks...some of them very emotional about it.   She  would promise to change, and things would get better for awhile,  but  then things would go right back to where they were.

But  it wasn't  just sex that was missing.  It was intimacy.  I distinctly  remember  getting a haircut in Japan, and the woman did a quick scalp  massage  afterwards.  I remember being surprised by how nice it felt to  be  touched like that.  Then I realized that I hadn't been touched like  that  by my wife in a long time.  She always said it was because she was  just  so stressed out all the time between working and the kids.  So I  tried  to take as much off her plate as I could.  I started doing all  the  dinners and grocery shopping.  I became the primary driver of the  kids  to sports, etc.  Nothing changed.

Then I started seeing the signs:  
\- She was distant  
\- low affection  
\- peck kisses  
\- low interest in family  
\- more interest in how she looked, putting on make-up more  
\- working late (she is a teacher)  
\- suddenly stopped wanting to receive oral sex

Then   I noticed weird signs.  She changed the passcode on her phone. I   discovered it when I picked it up for something random.  We share   everything, so it wasn't unusual to use each other's phones.  She gave   me the password right away, and said she changed it because the kids   figured it out.  But it was just weird, you know?  And she didn't enable   her car to read her texts outloud...which is something she always  liked  about my car before she got the new one.

But  what really bothered  me was her absolute lack of effort for big  events.  Mother's Days were  elaborate.  Homemade poached eggs and  strawberry waffles in bed.   Picnics to every botanical garden withing  100 miles of our home.   Father's days were meh.  On our 20th  anniversary, I surprised her with a  trip to Paris and a diamond  necklace.  I started planning and saving  for it the day after our 10th  anniversary.  I worked with her boss to  schedule her time off and  ensure she had a substitute.  A week before  our 20th, she said she  still didn't know what she was going to get  me...ugh.  She did almost  nothing for my retirement after 25 years in  the military.

I  became convinced she was cheating on me.  And once  I got that in my  head, it just wouldn't leave.  I kept it to myself,  but I was slowly  dying inside.  One day she had to work on Saturday (new  parent's).  She  got all made up.  Then, she called me from work and  told me she was  going to meet an old girl friend for lunch afterwards.  I  drove to the  restaurant and camped out...and then she came out...with  the girl  friend.  She didn't see me, but I was ashamed for having  doubted her.   But I still felt like something wasn't right.

I  got  to go to Hawaii for a work trip and we decided to make a  mini-vacation  out of it.  I figured that this was our chance to  reconnect.  Away from  the stress of our daily lives.  After the second  time she turned me down  for sex, I finally lost my temper.  I blurted  out, ""Are you having an  affair?""  She appeared shocked, then she cried.   But she swore up and  down no.

When  we got back, she went to IC.  (I thought that was  weird, since I  finally agreed to MC, but she said that she needed IC  first).  Almost  immediately, everything changed.  She became crazy  intimate and crazy  sexual.  And it didn't seem forced.  She touched my  arm at dinner one  night, and I was amazed at how nonchalantly flirty it  was.  I was like,  where has this been for the last 10 years?  I thought  it may be the  zoloft she had started taking, but it turns out that  zoloft actually  reduces libido.  It honestly felt like she was  love-bombing.  It felt  like to me that she had been caught and was  trying to fix things.

One other thing I would like to mention.  
One  day a couple of years  ago, my wife mentions that she rode with a (guy)  parent (we'll call him  ""B"") to one of the field trips.  She works in a  private school, so they  rely on parent volunteers for field trips.   She talks about how nice  the guy is and how she thinks he and I would  get along.I tell her that I  am uncomfortable with her driving with male  parents, and I ask her to  avoid doing so if possible.  She agreed.   One of her co-workers was once  really aggressive in trying to have an  affair with me, and I built real  barriers to limit our interaction. (I  would never tell my wife, but I  was really tempted by the coworker). My  wife felt it was fair for her to  do the same thing.

A  year later, we are at a school picnic, and  she introduces me to this  same guy ""B"" and his wife ""S"".  Over the last  year, our daughters had  become best friends.  But, the energy was just  weird.  He was really  awkward towards me, which I felt was odd since we  both had military  backgrounds.  But he seemed comfortable talking to my  wife.  And my  wife, who is pretty shy, seemed comfortable talking to  him.  Big red  flag for me.

Then I find out he  was a firefighter  (my wife has a thing for firefighters).  Then I find  out (from my  daughter) that his station is literally within walking  distance of my  house.  Alarms are going off big time.  Again, no  personal emails.  No  texts.  1-2 emails about school work.  I remain  silent but vigilant.   One day when S and B's daughter is being dropped  off at my house for a  playdate, I spy through our ring doorbell the  interaction between B and  my wife.  (How crazy is that?!)  I wanted to  see how they interacted  when I wasn't around.  Nothing weird.  He  actually didn't even get on  the porch.  (but then again, it's obvious  we have a ring...see how my  mind is spinning?!)

Then  this year, B and S withdraw their  daughter from the school.  Awesome, I  think.  Now my wife has absolutely  no reason to see him at all.  Then  my mom asks my wife to start a Girl  Scout troop.  My wife tells me, she  is going to ask S to help since S  and B are experienced campers.  The  thought of B being on a camping trip  with my wife is just something I  can't stand.

Later, after a good   day, and after everything blows up and is getting better, I tell her my   concerns and ask her to cut them out of our life.  She has asked me to   cut out a few ex-girlfriends that I had remained friends with.  And I   did it willingly.  I felt it was fair for me to ask the same thing.

I   must say, I was a bit disappointed in her response.  She said it felt   like I didn't trust her.  And she was sad to cut out two of the only   parents that supported her in her first year at that school.  I guess, I   was hoping she would say, ""sure honey"".  A couple of days later, she   agreed to do it, but I relented...mostly because I didn't want my   daughter to lose her best friend.

My  wife now tells me everytime  she sees B (due to their son still being  at my wife's school, but not in  her class).  My wife has refused to  drop off my daughter at their house  and instead sends me.  So I guess  it's ok.  But I still remember the  weird energy my wife and B had at  that school picnic.  And I am  resentful that that energy wasn't being  directed at me at a time when it  was missing in our relationship.

She  has continued to swear up and down  that there has never been anyone  else.  She even had me go to a session  with her therapist so that I  could maybe understand why she had been so  closed off.  And I have  found NOTHING.  I consider myself pretty tech  savvy, but I have found  nothing suspicious.  No text messages, no weird  phone records, no  emails, no weird locations...nothing.  But she is a  pretty smart girl  too, so I'm unsure what this proves.

The  fact  remains that I FEEL like she cheated on me.  I feel it in my  core, and  it is killing me.  The attention now is great, but I am so   resentful...and it is growing.  We attended my buddy's military   retirement last week, and his wife did so much for him.  It really   triggered all those negative feelings I had from before.  I'm just so   hurt and angry, and I can't come to grips with the fact that I won't   ever really know for sure.  To be honest, she told me that she feels   like she is suffering from having to regain my trust, even though she   never cheated.

I just can't go on  like  this.  I feel like I deserved better, and I'm disappointed in  myself for putting up with so much for so long.  I had made up my mind  to leave  after the Hawaii incident, but didn't tell her.  Seeing the  work she has  put in made me stay.  But now I don't know if its enough.   Or maybe its  too little, too late.  But it would also be ridiculous  for me to split  up our family over actions she did over the last decade  when she is making so much of an effort now."
11635,AITA-NTA-FLIP,"

Would we be wrong here? Our eldest child has always been difficult, cold, and distant over the years, and while we admittedly argue sometimes, we’ve had to make tough decisions as a family because of financial hardships. We needed some extra help, and since they contribute around the house and help with childcare, we’ve relied on them, even if they seemed resentful.  
Let’s be honest—they’ve been harsh with the younger kids at times, yelling about little things like crayons on their stuff or toys in the toilet. We’ve asked for more patience and told them that this attitude isn’t acceptable, but we’ve been met with anger. Still, they’re family, and we expect them to pull their weight like everyone else.

Now they’re talking about leaving us high and dry. No babysitting, no help financially, and who knows how we’d manage without them, especially since they haven’t exactly been a ray of sunshine while living here anyway. Life is tough, and we all have to sacrifice, but we never thought they’d consider turning their back on family like this. So, if they leave now, leaving us to deal with everything alone, are *we* in the wrong?"
1282,OEQ,"How to find places to meet people that doesn't involve drinking or gambling (I.E. No Bars, No Casinos) I am quite literally a hermit. I dunno where to go to meet people where alcohol or gambling isn't involved. Help me out, please."
4676,SS,"And then I think to myself ""if I saw us from an outside perspective and I was attracted to her"
70,OEQ,"Was I groomed by my teacher at 15? My therapist says I was. I’m now 24 and the teacher is suddenly emailing me.
This is my first time using Reddit, so apologies in advance if i’m doing anything incorrectly and sorry if this is too long.

I was very close to a teacher at school when i was 15/16. She was a woman (29) and so am I. I suffered badly from panic attacks, anxiety, grief and depression. She would always comfort me and help me through it. She was caring and very good at teaching her subject. But some of her behaviour left me feeling very confused and uncomfortable. 

She would discuss her personal life with me, including details about her relationship with her boyfriend and her sex life. She’d say to me that i was one of her favourites, compliment my appearance sometimes and touch me often - like cradling my face or stroking my hair. She’d often stare at me intently during class/around the school and mistakenly say my name when talking to another student or compliment me to other students.

I found all of this really overwhelming and her intimidating. This led to me getting palpitations around her, feeling sick, weak/shaky or like i’d pass out in her class. I couldn’t eat my lunch before her lessons because i was afraid of how her behaviour made me feel. I always thought I just had a crush on her because she was a great teacher, attractive, and young. It made me question my sexuality at the time. 

After I left school in 2015, we stayed in touch for a few years through her school email very occasionally. I then found out that she’d left the school and heard nothing from her for 4 years.

I’m now 24 and suddenly a few days ago, she emailed me through her personal email and I was shocked. I got the same feelings of nausea, shakiness and breathlessness that I got in her class. She said in the email that because it was International Women’s Day, she thought of me and wanted to check how I am (odd?). She told me that she’d left the school and also left teaching and she hopes i’m “continuing to be amazing”.

When i told my therapist about this all, she said that I had been groomed by my teacher at 15 and I was made to feel special by her, which then made me feel like I had a crush on her. 

I’m finding it difficult to process because i thought this teacher was a good person and someone i missed, looked up to and loved. Am I in denial that I was groomed? Did she take advantage of me? I feel like what if I’m making things up and the lines are blurry. The idea of “being groomed” makes me feel very upset, angry, almost ‘dirty’ and traumatised :("
5701,SS,I think I'm the only support she has right now so I'm doing all I can to help and support her in any way I can
9585,AITA-NTA-OG,"AITA for not accepting an apology while a person is going through a breakup? Sorry for any grammatical errors but English isn't my first language.

To give a bit of background . In highschool we had a trio of friends which included myself , Alexa and Siri (names changed). Siri was planning to go on a vacation for a few weeks out of state and I thought it was a perfect opportunity to spend some time alone with Alexa. You see I had this huge crush on Alexa and like typical high school love stories I asked her out and she declined me. She then went on and started publicly humiliating me for how stupid I was to ask her out. She started ostracizing me from parties and from my friends circle since she was quite a popular girl. Basically my social life went to shit after that ordeal. I locked myself in my room and cried for days and begged her to stop but she didn't. When Siri came back she saw the whole fiasco happening at high school and reprimanded Alexa for what she did. Helped a lot with dealing with my broken heart, God bless her soul. 

Years later I realized that Siri was the one I truly love, asked her out, dated for a few years and we are now engaged. Altho I have completely broken contact with Alexa, keep in mind that Siri is still quite close friends with Alexa. Cannot deny that some part of me wants Siri to not be friends with Alexa, but it's her choice and I respect that.

This new year's Eve I was tired of going anywhere and Siri was going to spend the night with her parents . I thought it was a good idea to spend this NYE alone. I get a call from Siri at around 21.30 that I need to pick her up ASAP and we need to drive to Alexa's bf place. I was half asleep but agreed to do in the heat of moment. 

Apparently Alexa caught her bf sleeping with a girl and was on the streets and called Siri to help her as she couldn't go back to her place and needed someone to talk to. I was apprised of this along the way and I didn't think much about it as I too, was concerned for her safety. We picked her up, she was an emotional mess at this point, and Alexa started opening up about her relationship and how she trusted her bf... Typical after breakup stuff. 

Now this is the part , where I think I may the the Assh*ole. In her emotional vulnerable state she asked me if I forgave her for what she did all those years back. I wasn't ready for this question , the past still haunts me as I still struggle with the PTSD of the whole incident. I politely but firmly replied ""I do not accept your apology but forgive you for what you did"". I thought it was a pretty reasonable response. My fiance Siri was quite upset with me saying that the least I could do was accept her apology as she needed to hear that at that moment. So Reddit, AITA?"
2239,OEQ,"When you are conversing with someone, do you just let the words come out of your mouth naturally or you think for a second/split second then talk? I feel like I am really bad at conversing with someone since I always have to think for a very short while before responding to construct my wording as well as build my thoughts,, to a point that I get mental blocked and not actually respond well.

On the other hand, I feel like if I just let out what my mind says at an instant, I will risk saying stupid stuff.

What are some tips?

English isn't my first language btw."
7246,AITA-YTA,"AITA for sometimes referring to people with a physical trait? When I'm talking about someone and the person I'm talking to knows them but not by name, I use a physical trait to help them recognize this person. I use traits like height, skin color, weight, hairstyle...

Recently this came up in my friend group, and some of them find me an inconsiderate asshole, while others agree with me that it's a pragmatic way to tell who I'm talking about.

So AITA?

Edit for info : The situation that led to this was me referring to a girl as ""the fat one"" in a group of around 10 girls where she was the only one overweight. The group of girls couldn't hear us. I knew this girl and was telling an anecdote including her. Some people got offended at the use of the word fat.

This led to the argument that I shouldn't be using physical traits to describe people because it's insensitive."
1039,OEQ,"
What do y’all think of my pros and cons list with my (F20) boyfriend (M27). Just to say I care about him deeply and his feelings, I am physically attracted to him, and I want him to do well in life. He is the first and only male figure to ever treat me with respect. I want to know if my relationship is doomed. We’re coming up on a year soon but a lot of this started in the first few months.
Pros:
•wants to grow old together

•loves me no matter what I do wrong

•shares everything with me

•does favors

•always invites me to group gatherings

•says he loves me often

•willing to do mostly whatever I want when it comes to activities

•supports me in a lot of things I want to do

Cons:
•no more romance after a few months

•no intimacy in bed (connection, soft touching, kisses, whispering….just sex)

•not willing to spend a few days apart when I need it (started in the first month)

•unmotivated to make his life any better (stuck in essentially the same place he’s been for 10 years and hates it)

•doesn’t surprise me with any sentimental things (gifts, letters, paragraphs flowers)

•I support him financially (downpayment on car $2K, pay for all dates, road-trips, groceries)

•does opposite of what I suggest often

•doesn’t want to be alone and hangout with friends without me

I just feel like he has settled hardcore. I’m only 20 and I need more romance I have told him this and tried to explain my issues but he simply doesn’t understand. I don’t want to hurt him any more by telling him everything that’s wrong with him but I also don’t want to hurt him by breaking up with him because he has nothing better in life right now :(
Also may be important he just out of an 8 year long relationship that didn’t go anywhere a few years ago and hasn’t been single since.

TL;DR older boyfriend seemed to have settled and stopped trying with me, but is dependent on me. I don’t know if it’s worth trying for or not."
9906,AITA-NTA-OG,"AITA - Dinnertime Dilemma We had BLTs for dinner. I prepared all of the ingredients, then made my sandwich and ate it. My husband got angry because he claimed that since I didn't assemble his sandwich and put it on his plate, I didn't make dinner. He thinks that the meal is not made until it is served to him on his plate. Obviously he's not wrong that some meals are pre-assembled and ready to eat, such as a casserole, but my argument is that a sandwich should be assembled by the eater so that the bread doesn't get soggy. AITA for making my husband assemble his own sandwich instead of ""making the meal to completion""?"
11295,AITA-NTA-FLIP," Am I wrong for not wanting to give up my independence and feeling upset that my child is trying to control my life?

I went to a doctor’s appointment yesterday and got lost on the way there. I’ll admit I’ve been feeling a bit slower these days, and it’s harder to get around. Still, I managed to hold my own—rescheduling the appointment myself and eventually finding my way back home. Despite this, my child and their sibling seem to think I shouldn’t drive anymore and are talking about taking steps to take control of certain aspects of my life, like getting power of attorney. 

Yes, I can be grouchy at times, and I know I make mistakes now and then—but I’m still capable. On top of that, my relationship with my spouse isn’t the best, so driving at least gives me the space to get out of the house when I need it. I know they all have their own busy lives and their hearts are in the right place, but it hurts to think I might lose what little sense of independence I still have. Am I wrong for being upset about this and wanting to keep my freedom?"
11945,AITA-NTA-FLIP," I previously represented this client regarding a lawsuit from an ex-employee. We resolved the issue, and I billed for all services at the time, which they paid in full. However, part of my duty as their attorney includes following up on the matter to ensure they are aware of the final status. 

Four months later, because there had been no communication from the opposing party, I sent my client a brief email to officially close the case. My email explained that the matter appeared to be resolved because no further action had been taken, but I noted that it could still potentially reopen in the future under specific circumstances. I saw this email as part of my professional services, and since it required my time and expertise to write and send it, I charged a nominal amount of $38 as per my billing practices.

The client simply replied, ""Ok, thank you,"" to my email. Later, I sent them the invoice for the $38, covering that correspondence. Would I be the asshole for viewing this as a legitimate billable service and expecting them to pay for it? Or should I have eaten the cost for the sake of maintaining good relations?"
7104,AITA-YTA,"AITA for getting my (now) ex flowers on Valentine's Day last year outside of her knowledge? So obviously this was today last year, and obviously we were together at the time but aren't today.

So about a week or so before Valentine's Day, she and I agree that neither of us will give the other any of the traditional love-day fare, like candy, flowers, etc. Or so she thinks. See, I did this knowing that I was still intent on bringing her flowers by surprise. It'd be like a whole thing where she wouldn't have to get me anything just as some extra proverbial cake icing, but still got flowers. Good boyfriend brownie points, right? 

Thought wrong.

I see her a couple times that day before it's time to spring the trap, so to speak.we get into some non- argument where she messed up. I understand that may sound like a smear given we're no longer dating, but she actually agreed after I called her out that it was her bad. That made her feel bad, I think, even though I didn't hold on to it. She was my girl, and it was Valentine's Day. Either way, probably all the more reason to cheer her up with some surprise flowers, right?

Thought wrong.

I bring her the flowers, orchids. She goes from kinda down to visibly upset. She proceeds to go on a big spiel about how it was wrong of me to not tell her about it. Wish I could give details, but alas, it was a year ago. I have one dumb caveman question to you:

Why thought wrong?"
5562,SS,My friends think I'm great and funny and know I'll always be there for them.
5835,SS,I thought she would have been as excited as I was and happy for me.
8640,AITA-YTA,"AITA for being upset that my sister won't take me dress shopping with her? I just recently found out that my older sister is planning on going wedding dress shopping when she goes home to visit our family. The reason why I am upset is that she has told all of the other bridesmaids her plan and left me out of it. Normally, this might seem like a younger sister upset that she's not getting her way.

But the main part that I am upset is that I currently work in the bridal industry. Every time I try to offer help or advice towards certain elements, she ignores me. Being in the wedding industry means that I have the timeline for when you should be booking certain things and most importantly buying the dress.

I found out through a mutual friend who happens to be the MoH, who mentioned the trip to me when we were talking about planning the bachelorette party, and she was shocked that I knew nothing of it. She also mentioned a designer that my sister is looking at, and that is a big seller at the bridal studio I have connections at. I know my sister is trying to keep costs low due to her and her fiance paying for everything themselves, so I don't understand why she wouldn't want to use my connections to get a lower price on the dress.

IDK, I just don't understand why I am being left out of this, like she's left me out of a lot during our lives.

&#x200B;

EDIT: I realize that I left this out (I apologize I'm new here to this sub). I realize I made it sound like I'm always giving advice, but in reality the most I've said was to ask about bridesmaids (when I was curious who else had been asked), and about her venue. The absolute most I've mentioned about dresses would be when I would mention in our conversations about dresses I had recently seen brides in at work."
8022,AITA-YTA,"WIBTA If I made my brother pay for damages? Firstly, I am 18 and my brother is 8. Typically, I give him all my old stuff that I no longer need. For example, he has my old PS4, TV and the topic of this thread, my gaming headset.

I bought myself a headset a few years ago and as it was starting to become old I decided to buy myself a new one. The new headset cost me £50. I gave my brother the old one to use with his (my old) PS4. I am in education and at the time I was just starting at a new college. Since I was starting college, I did not use the headset all that often and it ended up being stored in a drawer practically brand new. A few weeks ago I caught my brother chewing the wire to my old headset. The headset was no longer working and he told me he had been chewing it for weeks.

Since the headset he destroyed was old and cheap I was only a little annoyed and forgave him. A week later I offered him my new headset that I had bought since I had barely used it. I told him that he needs to take care of it and not chew it this time. I also told him I would take it off of him if he did it again. Also, as a kind of deterrent, I told him he would have to pay me the money it costs if I caught him chewing this new headset (£50)

A week passes to today and I go into his room to tell him that his food is ready and he is chewing the wire of the headset again. I took the headset off of him. The headset still works but the wire is mangled.

WIBTA If I made him pay for the new headset that he destroyed?"
396,OEQ,"For context of the relationship, I’m 20 and she’s 21. The relationship hasn’t been very long, only a couple of months, though with her I feel something special. I haven’t lied to her about anything else up to this point and I’d like to know what I can do. 

When we first met I told her that I lived in a small condo, which is true. And that I lived with a roommate who split the rent with me, which is also true. What I didn’t tell her though is that my parents are the ones who own the condo, and that my first two months rent were free due to me having absolutely zero money in my bank (they refused to let me get a job due to Covid and I worked for them for awhile w no pay). I was embarrassed by this, I have no idea why but I was, and I didn’t want her to know. But yesterday I decided to tell her and she got really angry with me

I feel bad, a lie is still a lie and I understand how she’s feeling. It wasn’t right, but I don’t know how to make it right. Can anyone who’s ever been in this situation before give me advice on how to make it up to her?

(TL;DR: I made a small lie about something that was stupid and my gf is now upset with me. I don’t know what to do and I need advice)

Edit1: I never told her I owned the place, only that I was renting. I’ve been here awhile and it’s been past those 2 months so I’ve been paying some rent for sure. Also my roommate is a guy who got me a job working night shift at Safeway to get started and he’s very nice!

Edit2: There isn’t more to this than what I’m saying here (I’m not leaving out crucial details), I guess after listening to everyone here it seems like she’s angry over something silly. Regardless I’ve apologized and allowed her some space. Hopefully it goes well"
3898,SS,I feel like I am crosswired wrong or something and that theres no way I can change.
6004,SS,I know she was just trying to bond with me so I decided to just let it go.
5079,SS,I guess I just need someone else to tell me that I'm actually doing the right thing
7460,AITA-YTA,"AITA for “abusing my power”? My stepson(15M) has been doing some suspicious things around our house. I’m the one who can enable screen time and control it on our phones and that’s what I did and I got Life 360. My stepsons phone time is now an hour and a half for games and entertainment and a half hour for social media. He was upset about it and when he went to his moms I got a call that it was way out of line to do that to him. He’s been on Snapchat excessively lately so I thought that this was the solution. My husband also thinks that I should give him a little bit more time than that and his mom claims I’m “abusing my power.”

AITA in this situation?"
4843,SS,First day I worked with him I just thought he was just an awkward ass.
10430,AITA-NTA-FLIP,"Would I be in the wrong if I felt abandoned by my adult child after years of depending on their financial support? For the past five years, my child has completely taken care of all my expenses and even bought me a car, though I’ve recently started receiving SSI that only brings in $400-$500 a month. I’ve faced several health challenges, including serious injuries from falls, and working isn’t a realistic option for me. I did my best to navigate applying for disability and retirement, but my child had to step in to handle it all, and unfortunately, the paperwork didn’t get submitted in time. This was such a stressful process for both of us.

I sense that my child has been frustrated with my behaviors, such as disagreeing with their spouse or how I spend a small portion of money—like on cigarettes for some personal comfort. It deeply hurts when I’m accused of being rude or demanding when I’m only expressing how undervalued I feel as a parent. After years of parenting and giving them everything I could, it stings that they feel I haven’t done enough.

Despite the difficulties in our relationship, I’m terrified of being left entirely on my own since my other kids have already distanced themselves. I know I’m far from perfect, but if my child completely cuts financial support, I might not be able to handle things—financially or emotionally. Would I be wrong for feeling abandoned and hurt if my child decides they no longer want to provide support for me?"
5396,SS,I also don't know why I'm being vilified for expressing my feelings since I'm not a clinical psychopath who goes around punching people just because they offend me... Like the old man who seems to think he can make personal remarks at anybody for no reasonable reason
4754,SS,Mmmm I feel like she probably does feel depressed to an extent.
5526,SS,It's frustrating because I believe if I'm committed I have a good attitude and work ethic
11818,AITA-NTA-FLIP," AITA? I asked my daughter to let me use her special backpack for a short hospital visit, and she refused. I was going into surgery, not a major one, but I wanted a nice bag to carry a change of clothes with me. I asked her for her backpack because I thought it would be practical, and yes, I liked it. She said no because it’s very important to her, limited edition, and she’s sentimental about it. She doesn’t let anyone use her special things, and I do understand that it’s precious to her. But we’ve had issues in our relationship, and I believe family should support each other. Her backpack wasn’t going to be harmed, and it wasn’t like I was keeping it permanently. There were other bags in the house, but I felt this was one small thing she could have done for me during a moment that mattered to me. I didn’t want to ask her brother or use a grocery bag—I wanted hers. Now she says I’m selfish for not seeing her perspective, and she thinks I should’ve chosen a different bag. Am I being unreasonable for thinking she could have made this tiny exception for me?"
9019,AITA-NTA-OG,"AITA for telling my BIL that my twin sister caught feelings for someone else? Using a throwaway even though im realizing this is a very specific story and now it doesn't really matter... i dont think she is on reddit anyway. 

I've struggled with putting this up... My sister won't speak to me anymore and its especially hard because we have a close twin connection. I feel like the asshole but at the same time, i feel like i did what i had to.

Over the last year she started singing with this guy on a karaoke app. She talked about him constantly, but only to me. She chatted with him on the app alot but never talked on the phone or even seen his picture. He lived in France, he spoke French and English and he had a set of pipes. I would like to say my sister fell for him, but it was beyond that. She fell for the situation... she lost alot of weight recently and her husband has been the only person shes been in a relationship with. I believe she fell in love with the idea of a french guy liking her... 

So.. she started to believe he was hacking her karaoke app by changing the recommended songs as ""messages"" to her. Like if the song was called ""i love you"", that was him sending her a message. It happened alot.. then she confronted him about the hacking and he told her he was gay. Things got much worse. He was hacking everything now, any app that had recommended anything was a sign. She started to believe he was gonna kidnap her, put her in a bunker, impregnate her and keep the baby. She put this together based on suggested ads and videos... 

It got even worse. He apparently moved down the street.. She believes the whole time it was actually a couple, with 3 kids pretending to be a french guy. They accidentally hit her dog, so she thinks thats their plan, to kill the dogs one by one so they can get to her easier. 

So, my BIL who has been in our lives almost 20 years only knows they sung together on the app. He didn't know she had feelings for him, he didn't know that she was ready to move to France (i didnt even tell him that part). She really needs help and i thought if i told him he can gradually get her to talk about it... I know him saying he was gay made her snap. She wasn't willing to go see a professional, this was what i thought would help. 

Well, he just got mad and used it against her for months, he didn't care about her mental illness. He ended telling her that I told him she was in love with him while they were fighting, now she thinks I'm a horrible person. AITA?"
9020,AITA-NTA-OG,"AITA for making a formal complaint of discrimination to a building manager, and threatening a lawsuit, for key-locking the men's room, but not the women's room? My job requires me to travel to many different office buildings in the Tristate area. Because I tend to travel frequently, I use and rely on, the public men's rooms in these office buildings. There is a specific building that I visit probably 3 to 6 times per month. (In this case, I am doing work for the building itself, and not any particular company, in any of the suites, inside the building.) For whatever reason, the public men's rooms in the hallways/common areas of this building are all locked, on every floor. This forces you to go into one of the suites and request a key from the front desk employees of the particular company leasing that space. The women's rooms are NEVER locked, on any floor, in any area. (And yes, this bothered me enough that I have checked every restroom, muliple times.) I complained to the building manager earlier this year about this situation, to which I received the reply that she, ""didn't realize this was happening, and it would be addressed."" I returned later that week, and found the men's rooms still locked, but not the women's rooms. I then spoke with her on a separate occasion about this, to which she said she, ""forgot, but will address it today."" Since then, I have been back to the building 9 times, all of which I found the doors still locked. (About 3 months have passed since the inital conversation.) I tried calling the building manager on 3 separate occasions, with no response. (I suspect she is avoiding me.) Because of this, I met with an attorney last week, and he sent a formal letter to the building manager that if this situation is not remedied, we have no choice but to pursue legal action on the basis of discrimination. AITA?

"
2732,OEQ,How can I put hours on my new CPAP machine so my insurance will cover it with out actually using it much? 
8546,AITA-YTA,"AITA for returning my bfs gift? Ok so a couple of weeks ago i bought my bf an exspensive set of gamijg headphones. I put alot of research into what would be a really good brand and a really good set considering he does alot of online gaming and he had told me that his previous set had broken.

I struggle alot with money so buying this gift for him really put me in a tight spot but he's one of those people that are EXTREMELY hard to shop for because he doesn't have much interest in anything so i thought this would be an amazing gift.

Its something he actually needed and its something he can use on a regular basis and it something i put alot of thought and care into buying and i expected him to be genuinely happy about receiving.

So imagine my shock and disappointment when he opens the gift and his only reaction is ""meh"" and he tosses the gift aside like its nothing. Not even a ""thanks babe."" Just seriously nothing at all. He's kept the gift set aside completely unopened, unused, and collecting dust.

So i returned them for a full refund and now hes pissed. He said he was keeping them as a back up set for when his current set are no longer usable. 

So AITA for returning his gift to the store and getting the money back?

EDIT: For everyone saying i should have spoke with him first, let it be known I DID SPEAK WITH HIM, I did. That was the very first thing i did. I explained to him how his just tossing it aside without even a ""thankyou"" really hurt my feelings. He told me ""headsets are a way of life, you should take them back and buy me their worth in nuggets from burger king.""

UPDATE:  thanks guys for all the comments. I apologized to my bf for returning his gift when it wasnt my place to do so and gave him the money too do whatever with. He accepted the apology even tho he's still annoyed with me but knows that i understand i was in the wrong for what i did."
4842,SS,but I know for a fact that A is in the process of looking for a life-partner and to have kids so I feel there is an urgency to this.
1602,OEQ,How to get over your first love. It's been going on seven months since the breakup and it still hurts every damn day.
7309,AITA-YTA,"AITA for legitimately checking my classmate's test paper? This happened a long time ago but i got this flashback and im bugged by it so i just want to hear your thoughts:

My classmate is like the jesus of our classroom, he is a helpful person and a calm boy. He's also one of the most respected ones due to his deeds. He's cool and all, but when it comes to tests and activities he acts too greedy just to have a high score. One day our teacher let us check our papers (not our own, just each other's), and i got his, our class is known for helping each other out, so almost everyone expects that their answers are going to be altered so they can have a higher score.

But im starting to have a conscience about what i might do, so i checked his paper legitimately. When he saw it he got dissapointed and told me ""you can't do a simple thing"". When we got out i noticed that my other classmates started to stay away from me, and when i noticed that one of them is staring at me i asked what was wrong, and he said that i cant check correctly, so i knew what was going on and i left. 2 of them are my ""friends"" which i helped throughout the schoolyear so im really dissapointed because they acted like they're butthurt about what i did too.

"
6343,SS,I've suffered from this myself and eventually got over it by improving my self confidence and learning that people don't think the way I think they do.
6858,AITA-YTA,"AITA for asking my wife not to kiss me when our 13yo daughter is around? Don't get me wrong. I love my wife. She is very expressive. She likes to kiss and cuddle a lot and I personally enjoy it. 

But my daughter is all grown up now and whenever she does that, my daughter starts laughing and it's really embarrassing. I mean, she's 13. So I told my wife about it and she thinks I'm being silly and is upset that I feel embarrassed. AITA here."
9120,AITA-NTA-OG,"AITA for being mad at a ""gift"" my boyfriend bought me? I'm a natural blonde, but I dye my hair dark colours, usually somewhere between medium brown and black, because I'm not very smart. I'd say that I'm of average intelligence but because I'm blonde me taking a minute to do some maths or asking stupid questions is amplified from a little gap in my knowledge or mental buffering to just me being seen as a total bimbo. I've told my boyfriend about this, and we have this conversation every time I dye my hair. I find that dark hair means people are more likely to forgive any dumb questions/comments I make and I'm just generally taken more seriously.

I went to my boyfriend's place last night and the first thing he does is pull out this little cube of wrapping paper, about the size of my palm. I asked what it was and he only said ""saw this and thought of you"", which I thought was really sweet but I wasn't expecting it as there was no occasion. I opened the paper and the gift was a tin of mints. The tin said ""*Caution: Blonde Moment in Progress*"". He was laughing, so I put the tin down and left without a word. By the time he realised I wasn't kidding and came out to follow me I was already in the lift, and he's called me about 20 times between me leaving his place last night and now, and sent a bunch of texts saying he thought it would be funny, that we could laugh it off, and if he'd known I'd react like that he wouldn't have done it.

He called my roommate asking if I got home alright, and he sent me flowers as an apology but hasn't actually said the phrase ""I'm sorry"", even over text. I'm a combination of upset and angry and I really don't want to talk to him right now. My roommate says he's now calling her repeatedly and is begging her to put me on the phone, but I'm not speaking to him. I feel completely justified but my roommate is asking me to just answer the phone, even if it's to tell him I'm not talking to him, just to shut him up, but I refuse. AITA?"
2184,OEQ,What tricks do you use to keep a conversation going when making small talk? I'm pretty socially inept and rife with anxieties but trying to better myself. My biggest issue is when making small talk: I have no idea what to say nor how to hold the conversation without it going flat or how to pick it back up again after it stops. What are some of your best tips when trying to keep a conversation flowing with people you aren't super familiar with?
9321,AITA-NTA-OG,"WIBTA If I told 2 of my friends that I think they are very unreliable people who's words have no value for me? I have a group of close friends. We are all in our late 20's.  
2 of them (guy,girl) have proven to be extremely unreliable in an alike manner. All the incidents Im gonna mention happened both individually and in a group setting, MANY times throughout 4-8 years.

Examples:  
\-Being late, CONSTANTLY, (over 40mins). And say say stuff like ""yeah i know im an asshole"" and thats it. No attempts to change it.

\-Making plans to meet and not showing up, without letting you know. You'd wait for them and they wouldnt show OR, they wouldnt even pick up the phone. And if you do reach them they'll be like ""oh yeah, i couldnt make it sorry"" (this one i REALLY cant wrap my head around. it takes little effort to text ""cant make it, sorry"")

\-Making me go to hospital (was urgent, but i was being an idiot) and promising they'll come with me and not picking up the phone the next day.

  
These are just some of the examples that keep repeating. there are many more, that made me realize that while they are good people they lack respect for anyone if they keep doing that stuff. 

long ago I had a crush on the guy and didnt act on it. Yesterday the girl asked why i never did anything about him.   
i gave her a vague response.   
But what i really wanted to tell her was ""One of the reasons is that I love you both very much, but you are very unreliable, and dont seem to take the people around you into consideration, when they tell you that your behavior is harming them, and while i might have made my peace with that, im not sure i will tolerate they way they behave in a partner.  


&#x200B;"
3984,SS,I feel like I'm cheating my husband out of the person he thought he married
6641,SS,I feel like she's going down a path that is going to hurt her in the long run and I want to make sure she doesn't do any dumb shit because she is my friend.
8456,AITA-YTA,"AITA for not wanting a second date after feeling like my money was wasted?         For starters, I know this isn't the best way to find women but I have a busy life as well as not being much of a people person. So I don't like to go out much unless I have a reason to. I matched with this girl on Tinder and we kind of hit it off. We've been talking for about 2 weeks and we have a lot in common as well as some of the same future goals. Our conversations were always nice through text and even over the phone. So today we finally decided to meet up and go on our first date.  For a few added details, she lives 35-40 minutes away so I'm already spending money on gas to get to her.

         I don't know if I should've counted this as a first red flag but when I picked her up all she said was hello and afterwards it was just complete silence. Mind you, before this day we had been talking on the phone, texting and video chatting as my first thought was maybe I'm just uglier in person. We drive around for about 30min because I don't know the area and the only response I've gotten out of her was ""I don't know,"" so I suggest that we should go to ""Schmili's"" as I'll nickname the restaurant. 

         Once we arrive at ""Schmili's"" and get seated I try to strike up a conversation but all I'm receiving in return are yes, no's and idk's. At this point I give up and we order our food. While waiting for our food its complete awkward silence with her staring at the t.v. the whole time. After about 40min of silence we finally get our food and as we eat I'm trying to bring up old conversations that we texted about to make the conversation easier.  The conversation falls to silence again so I finish my food. The waitress comes by to take my plate and I pay the bill which was $30. At this point my date has only eaten half of her food so I asked her if she would like a ""to go"" box to take the rest home and she says no. I become kind of ticked off because on top of her not talking the whole time,  she decides to waste food and my money. We leave the restaurant and I decide to take her back home.  Before she gets out the car she tells me how much she enjoyed the date and if she could see me again in a couple days. I tell her maybe, for the simple fact that I didn't want to sound mean. Ever since then I've been texting her less and less and ignoring her.

TL DR- AITA for leaving a girl on read whom I've been talking to for weeks but didn't talk at all during our date and decided to waste food

Edit: I decided to text her to see what went wrong and the following is her replies. 

Me: hey, was everything ok during our date? You didn't say much
Her: sorry.... yeah I was fine
Me: oh ok,  I thought you were just nervous or something. 
Her: yeah,  kinda
Me: how was your food,  you didn't like it?
Her: I did.

I guess I really am TA. I just feel like if you really do like someone you should try to show that.  As nervous as I am around people myself,  a one sided conversation just isn't fun."
6798,SS,and I know I’ll be better off eventually once I get over this.
4080,SS,I guess I'm a bad friend and a bad person for doing this but whatever.
149,OEQ,"My (33m) girlfriend (29f) isn’t paying rent. Should I break up?
I (33m) have been together with my gf (29f) for nearly 4 years now. She comes from a wealthy family. Well, her extended family is wealthy. Her parents are somewhere in the low 7 figures. But she never had to worry about money. Therefore she never really had a job. Sometimes she would work for her dad’s company. But that would only be minor tasks. I never really worried about that because it was made clear she would take over the business and thought she’d get everything together by then. At one point I got a bit annoyed that she was always at home and got her a job through a friend of mine where she works a few hours per week. 

I kind of became suspicious when she didn’t finish her degree and confronted her about it. But she shrugged it off and told me it wasn’t any of my business as long as she was able to pay rent and contribute financially to our life. Since communication is very important to me I was a bit alarmed. 

During the last year things got rocky. For reference: We split rent and costs for our dog 50/50. Since I’m using her car sometimes I give her half of the leasing rate + gas. Other spendings are all from our own accounts.

Last summer we went on a roadtrip where I payed for everything. Afterwards I told her the total, expecting her to pay me back. She told me she couldn’t afford it, which I thought was weird. First of all because I know she got a huuuuge cheque from her dad the year before and I thought it was a bit unfair not to clarify beforehand. Since then she only payed rent sporadically. When I confronted her about it and asked her when she was gonna contribute again to our shared life I barely got an answer or she told me she couldn’t afford it. 

To be clear, it’s not about the money but more about the way of not communicating about this issue. Am I expecting too much? How could I address this better? Or is this a major red flag?"
6148,SS,And i know that when she comes back for school everything will be the same as it was and everyting will be perfect.
3413,SS,I know I would earn a sub-standard wage doing personal training
7782,AITA-YTA,"AITA for not helping my dad? What happened is a very stupid and pointless fight between me and my father, but I'm still wondering if it's me being an asshole. 


I'm a 28 year old guy, and my father is 57. I live in a different town than him, and we agreed that this weekend I will help him with some physical work (both Saturday and Sunday, the big work is on Sunday, and my brother would join us by then). 


First, we talk yesterday that I will arrive to his town around lunchtime on Saturday, which he responds okay. Then this morning at 9am, he calls  me and asks when I will arrive? I say around 2pm I believe, which he responds ""that's too late, nevermind"".


I arrive to the town at 2pm, thinking tomorrow we will work, but I've sent him a message anyway that I have arrived. He replies me 1 hour later that he is waiting for me, so I go to him. Then right away, he starts complaining why I did not go to him right after I arrived, trying to make me feel guilty. I said because he told me my arrival is too late. He did not accept this, so we started arguing, he got upset, then told me to leave as he no longer needs my help. 


My issue generally is that I feel like he expects me to be there for him when he wants, and he does not appreciate me for spending my weekend on helping him out (I helped him several times last year on the weekends, without arguing).
Am I the asshole for handling this matter like this, or I should have told him that I have arrived?"
11432,AITA-NTA-FLIP,"

AITA for trying to make friends with someone who keeps excluding me? Ok, so backstory. I’ve gone to school with this person, who I’ll refer to as Trasj for now, for 7/8 years. We just moved up to middle school, and the teachers want us to try to be friends and get along. Honestly, I was all for it. It’s a fresh start, right? But not even a week into this, we’re already arguing again. A teacher pulled us aside and asked us to start with a blank slate. I was hopeful and ready to give it another shot.

A couple of weeks later, I tried to join a card game they were playing with their best friend. I asked politely, but they told me they wanted it to just be the two of them that day. They said I could sit with them and talk, so I agreed because I just wanted to be included somehow. But then they made it clear I couldn’t play for the whole recess, which felt unfair since the game is meant for more than two people. I decided to ask a teacher for help because, honestly, it hurt to keep feeling left out.

When the teacher asked what was happening, they accused me of lying, even though I felt like they weren’t being straightforward about why they were excluding me. Later, when we were heading to class, I tried sharing my feelings with their best friend. I probably handled it poorly and said things like, “Trasj isn’t being nice.” But at that point, I just felt frustrated because it seemed like no matter what I did, they didn’t want me around.

Eventually, things got to the point where they just ignored me entirely and told a teacher straight-up that they didn’t like hanging out with me. I’ve kept trying to be friendly and make it work, but it feels like they’ve already decided they don’t want me as a friend. So, Reddit, am I the asshole for trying to connect with them, even though they keep pushing me away and making me feel unwelcome? What should I do to fix this?"
4123,SS,I just can't believe I may have been manipulated.
1905,OEQ,"How to prevent or diminish brain fatigue/brain fog? I stare at spreadsheets all day long, sometimes having to solve a complex set of problems that I need to wrack my brain over.. After a while, it takes its toll and I get to the point where no solution will come because my brain is too fatigued to figure it out at that point. What do you guys recommend? I've done some googling and some of the websites feel psedosciency or new age-ish.. so I'm looking for some hard testimonials of what has worked for ya'll."
5654,SS,I feel like I deserve an apology because she acted out so much and I didn't do anything wrong.
10293,AITA-NTA-OG,"AITA for telling my wife's best friend that the guy she's only been casually talking to online and never met can't come on the group vacation we've had planned? My wife, her best friend (Susie), and her best friend's brother (Joe), and myself are all going on a trip. Anyways, we are leaving tomorrow and last night Susie decides to drop some news on my wife. She tells her that some guy she's been casually talking to online from halfway across the country bought a ticket and is joining for the entire 4-day weekend. They have never met and Susie has been dating other guys in our home state, so it's not like this is even some committed LDR. We did not even know this guy existed until last night.

The original point of this trip was to celebrate Joe turning 21. Susie even moved the original dates so that my wife and I could join. We all hang out quite often, either in groups of 3 or 4, and always have a good time. So we are small group where everyone is comfortable with each other and the dynamic is solid.

So Susie tells my wife this guy is coming. That he, quote, ""Asked me what I was doing this weekend. I told him and next thing I know he says he bought the ticket and will see us there."" Susie claims the guy gave her a 24-hour window to tell her not to come. Obviously she did not put a stop to it or consult with ANY of us on how we felt about it. Plus this is a weirdly aggressive move by him.

Now instead of a small-knit group where everyone is good with each other, either split apart or together...we have this thirsty AF 5th-party that we weren't told about until a day and a half before the flight. I told Susie that I don't care if his refund window has passed, this dude should not be coming and she's being selfish. If he does come, my wife and I are very likely going to split off and do whatever we want (poor Joe is getting hosed in this situation). I don't go on vacation to chaperone people's first dates. I also don't want to be dealing with awkward small talk and ""getting to know someone."" Plus, people always act differently around a group that they are truly comfortable with versus on a first-date with someone they have never physically met. So Susie, the version of her that we are friends with, won't really be on vacation either. Safety-wise, who knows...this guy could come off as the nicest person on the planet but still be up to no good when the sun goes down. This is just not the appropriate time to decide whether or not he's a cool dude that deserves everyone's trust.

Susie is telling me to chill and it'll be fine. The typical stuff of ""You're overreacting, just relax and go with the flow, it's my life and my vacation."" My counterpoint, along with all the points above, was, ""If you really needed to meet him so badly, you should've had him come stay near you another time and hang out with him alone. If things went really well, ask us to join for dinner one night and meet him that way. A four day trip that we planned as a group is not the time or place for this.""

Am I the asshole for putting an ultimatum on this of ""tell him not to come, or we'll be enjoying ourselves without you guys?"""
3204,SS,I feel like it's showing them that their opinion is more important to me than my fiance's.
10029,AITA-NTA-OG,"AITA for calling this guy out for petty dickishness about Pokemon GO? Not really any explaination is needed as I have the full conversastion right here so that you guys can be objective. I'm worried that I stepped too far for something so little as a facebook meme post, but petty bullshit is a huge pet peeve of mine because people hide behind the ""dude calm down its just a facebook post its not serious"" shit. Like you didn't post it because you disagreed with it come on.

I am green.

http://imgur.com/a/JMTw8

Edit: Well apparently I missed a few things in editing but its fine where I work and my first name aren't a big deal."
3299,SS,I guess if she's making me uncomfortable with her dishonesty
3780,SS,"I guess there is some context missing here that she has not been ""there for me"" in a number of other ways and this gift thing just feels like even the little gestures are too much to expect anymore."
10633,AITA-NTA-FLIP,"Would I be in the wrong if I felt upset about being ghosted by someone I considered a friend and distanced myself from them as a result? I met her through mutual friends, Denise and Ana, and thought we had a friendly connection. Earlier this year, I deleted my Facebook, and she reached out to check in on me—but I was dealing with a lot and didn’t feel ready to reply at the time.

Months later, I decided to reconnect and added her on Facebook, where she noticed my location had changed to Texas. She messaged me, and I explained my move had been last-minute. My closer friends, Denise and Ana, already knew, but I hadn't told her because our relationship felt less close than theirs, and I didn’t think to share it. 

Recently, I visited town and tried to organize time with everyone, but things felt chaotic. I messaged her, Denise, and Ana in a group chat saying I was excited to see them, but then I got caught up in other things. On Friday, I thought I’d shared my arrival details and assumed everyone could reach out if they were free—it’s the holiday season, and I didn’t want to bother anyone. Over the weekend, I spent time with Denise and Ana, but I didn’t hear from her. I later texted to apologize for the limited time I spent with them, and when she finally sent me a message expressing disappointment, I tried to make amends and clarify that unexpected conflicts had cropped up. 

Now, she isn’t responding to me at all, and I'm worried she’s upset or offended. I reached out again to apologize, express my love for her, and attempt to repair things, but she hasn’t replied. If she decides to ghost me, feeling that I’ve “played games” or intentionally hurt her, would she be in the wrong? I never meant to hurt her feelings."
6086,SS,but I think there is a VERY good chance that I had the highest GPA in my class.
839,OEQ,"We’ve been together five years, lived together for three. When we met we had a number of shared interests as well as our own separate things. She had DnD which I’ve never been interested in, while I had local sports and classic literature which she couldn’t care less about.

Over time that changed. She started coming with me to see live sport. She would ask me about the books I was reading. Within a year or so we would go to every event together and her collection of jerseys matched mine, and she would read any book I recommend and dissect it with me. It was wonderful. Both of us have always been solitary types, I’ve always pursued my hobbies alone and now I was able to share them with someone. And with the person I loved too!

Over time that has changed. My girlfriend is far better at communicating with people than I am (thank you, sheltered religious upbringing and neurodiversity) and she started ingratiating herself into communities around our interests. She started contributing to local sports discussions and finding herself invited to social events, meeting the athletes, volunteering for community groups. Book discussions spilled into online communities, which became visiting signings and podcasts.

Today she chairs the official fans’ trust of our local soccer team, and was granted access by the estate of my favourite author to go through his notes for the purposes of a documentary about him. I hate it. I hate all the busy-ness, all the people and back-patting and schmoozing. I don’t even want to go back to being just me and her going to games, discussing books until one in the morning. I just want to enjoy my hobbies by myself again.

I’ve looked within over and over to try and work out why I feel this way. I’ve never been a gatekeeper, I only ever want to open doors and encourage people. I don’t think I’m a misogynist or a fragile man who resents successful women. My exes include a very influential businesswoman and professional gymnast while I’ve always had a boring mid-level office job, never had any problems with jealousy or resentment there. And yet I do find myself feeling jealous and resentful of my girlfriend. Perhaps it’s because these are “my” interests and I feel incapable of making any of the social strides she’s made. Perhaps I’ve made the “lone wolf” element of my fandom into more of my identity than I realised to compensate for that.

These are new feelings for me, they’ve crept up on me and I have no idea what to do about it. I feel especially guilty because I haven’t talked to her about it. We have always been able to have difficult conversations and understand that they need to happen sometimes. Yet I feel paralysed and unable to discuss this with her.

At the end of the year we’re going abroad for a convention about one of my favourite film series. I just want to mill around at my own pace, take it all in… and I just know that she’s going to schmooze her way into charming the actors and filmmakers I adore in a way that I simply cannot. Honestly, I wish I were going by myself and I feel terrible for that.

I don’t know where to begin working any of this out and I feel so guilty for feeling this way. My girlfriend is a wonderful woman who has continued to adore me the entire time we’re together and would probably sacrifice all of her accomplishments to stay with me. I don’t feel worthy of that.

**TL;DR: My girlfriend has slowly become an influential figure in the arenas around my hobbies. I am feeling resentful of this for reasons I am not sure of and wish I could go back to simpler times when it was just me and my interests.**"
9582,AITA-NTA-OG,"AITA for moving away for a job after my boyfriend asked me to marry him? I (24F) am about a week away from moving away from my boyfriend (29M) who I have had my longest relationship yet and previously lived with. I have a lot of mixed emotions.

There were 3 points in our relationship where I actually wanted and could envision marrying him and having children with him. We were on the same page for the important things for the future. However, my feelings came and left because of the trust issues, so I decided to accept a job offer this spring where I will be moving abroad. When we got together again this last fall before the job offer, he drunkingly asked me on two occasions to marry him. I said no both times because he was drunk. He asked a third time soberly, but without a ring and knowing about me taking the job. I hope that I am not sounding like a gold digger here, but I really couldn't take him seriously and felt hurt. He had the whole relationship to ask, and I would have said yes at earlier points and not be moving right now. I said no for the last time, but I am having many ""what if"" thoughts...

AITA for not taking him seriously?

Also, we agreed not to do long distance. He flat out told me that he couldn't have sexual fidelity, and I am not open to an open relationship. Although I am leaving, we have stayed/are still together. I have told him that I don't understand why he has insisted on it because we live in a metropolitan area with a lot of singles. He said why would he look for someone else if I was still here? I love him and haven't moved on yet, and I feel like I am a selfish asshole for agreeing to it. He has already brought up being friends once I move, and I want to, but I am still in love with him and want time to get over him.

AITA for not wanting to be friends with him right away?

Edit: sorry, will go blow up r/relationships"
5294,SS,I think he doesn't really want to reveal his feelings and also he doesn't have many friends.
2215,OEQ,"How to become more fearless. Basically I just wanna not be so cautious about not hurting myself. After a couple bad falls/nearly getting hit by a car longboarding I'm not as fearless on it as I was. Same thing happened when riding a bike as a kid, fell, broke an arm, never rode bike again. Any way to get over this? Like fear of hurting myself, I guess?"
2680,OEQ,"Letting things go. I always seem to have a hard time just ""letting things go"". Any little thing can set me off or put my in a bad mood. Sometimes it will last a few minutes, other times a few hours. I always know I shouldn't let it get to me because it is always mundane things which matter little. What advise would you give someone in my situation in order to work on this issue? I need help. "
6373,SS,I love when I go somewhere and someone I don't even know can look at me and appreciate what I do for the country I won't ever get that anywhere else.....
7332,AITA-YTA,"AITA if I don't want my girlfriend to bring her cat when she moves in? It's safe to say that I am a dog person. I've always loved dogs and always had dogs, and my dog that I have now is my best bud. I love how social they are and how much they show love back to their humans, and that they are smart and trainable.

I definitely do not like cats. Lots of people love them and that's fine. But I personally do not even slightly see the appeal of taking care of an animal that doesn't give two shits if you live or die, and that takes an insane amount of training and effort to learn even basic commands...which they will only ever do if they feel like it. I can't count how many times I've been scratched or bitten by a cat for no other reason than I dared to go near it. So yeah. Not a fan.

My girlfriend and I have been dating for coming up on one year and she is a one in a million girl. When we're apart I often find myself just wanting to spend time together, she is wickedly funny and always making me laugh out loud, and an amazing artist. And, she has a cat.

It is not a particularly bad cat or anything, as far as cats go. Very average. But I am so the opposite of a cat person that even average is bad. Have you ever hated someone so much that every little thing annoys you? That's what cats are like to me, and this cat is just everywhere when I am hanging out at my girlfriend's apartment. Jumping up and down from shelves, stepping on my crotch, kneading my leg with its paws and most importantly *claws*, yowling outside the bedroom door whenever I spend the night. My girlfriend of course loves him and doesn't see any flaws.

All of this wouldn't be a problem, but as I said we are approaching one year and I have been thinking about our future together. I can see myself marrying this girl, and I want her to move in with me. But I do not want to have a cat. I don't even know if my dog will get along with it, and I *know* I won't get along with it.

I've tried to talk to my girlfriend about the issue and she just turns stone fucking cold.

""Hey maybe (cat) can live with your parents when we move in together."" (They are in the same city as us.)

""No. We're a package deal.""

I tried very calmly and rationally explaining to her the issue and she outright said that I need to figure out what's more important to me because either they both move in with me or we break up and stop wasting each others' time. Just full ultimatum and holding the relationship hostage.

I feel like I am stuck between a rock and a hard place here. If she's playing hardball, would it be an asshole move for me to play hardball right back and say that she can't move in until she rehomes the cat?"
5733,SS,But I know she's crazy in love with me.
856,OEQ,"Girlfriend and I live together, and both work from home. Our sex life is good, having sex or similar activities once or twice a week or so on average. I usually initiate it and tell her that if there are times she’s in the mood that I haven’t initiated, she is welcome to start something and I will usually be happy to go along. However, she is really bad at it, and then is upset when I “reject her.” Here are some examples:


I’m working in the office, GF comes in and says “hey is there anything you want for lunch?” And I say “idk I’ll probably make pasta or a sandwich or something”. She then looks disappointed and leaves. The rest of the day, she is pouty and sad. I ask what’s up and she says that eating lunch was supposed to be code for having sex during our lunch break.


After work, I usually do chores for a bit before we work on dinner. I was washing dishes when GF came back from the store. She says “I’m gonna go change” because she is wearing normal clothes and prefers to wear sweatpants-type stuff when lounging around the house. I say ok and she goes into the bedroom with the door closed. I do chores for like ten minutes and then she comes out of the room all annoyed, saying that she wanted me to come in while she was changing and start sexy times. How was I supposed to know that? Changing after getting home is not an abnormal thing to me.


GF goes for a bike ride and gets home all sweaty. She says she’s going to shower, I’m like ok cool. When she is done, she says that she is disappointed I didn’t come join her in the shower. This is despite our shower not being very roomy and her turning me down for shower activity together in the past, explicitly because there’s not much room for 2 people.


I have told her that she needs to be more direct if she wants to signal that she wants sex, but she is not getting better and it is quite frustrating when she starts pouting just because I don’t pick up on the signals. She has said that she wants the person that she is with to just know when she’s in the mood, but I am not a mind reader and feel like she’s saying things that people might say all the time in a normal setting. How can I improve this?

---
**tl;dr**: GF is not good at telling me she wants sex, saying things like “what do you want for lunch” and thinking that’s a pickup line, then is annoyed when I am not picking up on it."
3282,SS,I don't know if she was just being nice or was trying to be flirting with me please help.
2882,OEQ,How to spot would be muggers Are there any telltale signs I can look for? Mostly information online tells how to avoid being a potential victim and less of spotting a potential mugger. And also I generally walk at night.
6501,SS,I feel like he’s just given up but I haven’t I’m willing to fight but idk if he has the strength to fight for our marriage.
10857,AITA-NTA-FLIP,"Would I be wrong for feeling hurt and defensive if my longtime friend and roommate criticized me for how I choose to spend my money? I’ve been upfront about struggling financially and sometimes can't afford smaller expenses, like going to the pool with the group. While I did splurge on a trip to California, it was important to me at the time, even if it wasn’t a financially wise decision. It feels unfair to be judged for how I prioritize my spending, especially when my friend knows I’m in a difficult spot. Would I be wrong for thinking my friend should understand instead of calling me out harshly?"
3524,SS,I don't think he realises that he hasn't complimented me / that it makes me so insecure.
764,OEQ,"I know this probably sounds very childish but I find it so cute when a couple has each other on life 360 and you can see them doing their little chores and just being out n about. I told my boyfriend that I really wanna do it and at first he said he doesn’t have enough storage and then I said Okayy we can do the same thing on find my iPhone and I have two of my other friend’s live locations too and I told him that and he was like no it’s so creepy why would you want to do that, you always know where I am anyways (we’re in a LDR currently btw) and I said yeah so if I always know where you are how is it creepy? And he said it’s so stalker-like and I said but I’m your girlfriend not a stranger and it’s not like I’ll always monitor your location, it’s just a cute thing I wanted to do w you and I didn’t think you would be so hesitant. I don’t know what else to say to him or how to tell him that it’s more suspicious that he’s saying things like “don’t you trust me enough” than it being stalkerish to have each other’s locations. 

Tl;dr- boyfriend not agreeing to do life 360 with me because he finds it creepy and I find it suspicious that he’s so hesitant about it"
8279,AITA-YTA,"AITA for wanting a different roommate? This fall I will be attending my first year of college, a classmate of mine is attending the same college as me, we have never been too close and I have never really been friends with him. When he found out we were both going to the same school he immediately approached me saying he wanted to be roommates. I never actually said yes to him but said “that would be cool”. He then requested through the school that we be roommates. It wasn’t until weeks later and talking with lots of people for advice that I decided I wanted to room with someone random through the school. I eventually told him that I didn’t wanna room with him and how I wanted to meet someone new through the school, he simply responded “wow, all good”. 

Am I the asshole?"
4299,SS,I think schools let things fall between the cracks all the time because they don't want to deal with conflict and liability
11567,AITA-NTA-FLIP," My 21-year-old child recently moved out on their own, and I had been helping them manage their finances. A couple of years ago, they had taken out a loan, which I kept in a joint account because they were too young to open one on their own at the time. However, I noticed the money sitting there—and knowing my child’s spending habits and potential pitfalls—they might not always make the most responsible decisions. To ensure the money was safe and available for its intended purpose when the time came, I moved it to another account that they couldn't access, thinking it was in their best interest.  

When they asked me about it, I explained what I did, but they got upset and accused me of overstepping boundaries and taking their money. I felt hurt and unappreciated because it was never about control but about protecting them. I didn't think this response was fair after everything I've done and the fact that they hadn’t raised the issue until now. Am I wrong for trying to safeguard their finances to prevent any possible misuse?"""
4710,SS,I think she's now trying to start texting him on a regular basis as well but I can't be sure.
2673,OEQ,How to make friends in a new State? My fiancée and I recently  moved to a new State right after college and we have been struggling to make friends and we wanted some tips on how to meet people after moving to a new place.
10819,AITA-NTA-FLIP,"Did I (her perspective) unfairly mislead someone at my birthday party and escalate the situation unnecessarily? I had been seeing this guy for about three months, but we never officially defined what our relationship was. However, the last month and a half we’d been spending most days together and frequently staying over at each other's houses, which might have led him to assume we were exclusive. I invited him to my birthday party and asked him to help me prepare food for the gathering, which he graciously did. Once the party started, I tried to make him feel special by giving him lots of attention—holding his hand, kissing him, sitting on his lap—until my coworker Bob arrived, whom I’m close with. I got excited to see Bob, ran to hug him, and admittedly spent a lot of time hanging out with him afterward, likely diverting my attention away from the guy I’d been seeing.

At some point during the party, he stepped outside while I was enjoying myself with friends. He later saw me sitting on Bob’s lap and kissing him, which might have looked bad from his perspective. While I didn’t think I did anything inappropriate because we'd never officially discussed exclusivity, he clearly felt hurt and angry. He stormed out, yelling at me in front of everyone, and declared he was done with me. I spent the night calling and texting him, upset that he ruined my party by making a dramatic scene. The next morning, when he came to get his car, he told me he assumed we were exclusive—and while I acknowledged that we never had that conversation, I didn’t feel I had done anything wrong. He decided to end things for good. Now, I’ve been frustrated with him for overreacting, while my roommate agrees with me that he was in the wrong for ruining my birthday.

Should I have handled things differently and better considered how my behavior might affect someone I’ve been seeing, or was his reaction unjustified given our undefined relationship?"
11113,AITA-NTA-FLIP,"

---

Ever since my husband had a falling-out with his child, things have been incredibly tense. I’ve been trying to mediate as best I can, but it’s so difficult when both people I care about feel hurt and unwilling to budge.

A few months ago, my husband and his child stopped talking. He made some awful comments while drunk that understandably upset them, and the situation came to a head during a family trip. To his credit, my husband has been making efforts to change since then—he’s quit drinking and has apologized several times. To me, it seems like he’s sincerely trying, but I know words alone can’t erase everything that’s happened. On top of that, he’s been grappling with grief over his mother’s passing, and while I don’t think that excuses his past behavior, it might help explain where some of it came from.

I’ve been trying to maintain a relationship with my step-child despite the falling-out. We’ve kept in touch, though things sometimes feel strained. With the holidays coming up, I’ve been asking what they’d like for Christmas, but they’ve been silent. I suspect they don’t want to accept gifts that involve my husband, but I can’t help feeling frustrated. I’m just trying to foster some connection and spread a little goodwill during the holidays, but I feel like I’m being stonewalled.

Would I be wrong for continuing to push for a Christmas list when I’m only trying to do something kind? Or am I misjudging how this situation makes them feel?"
19,OEQ,"My little sister took over the family farm and has been running it (with my other sister) for two years. It is an incredible amount of work, and it keeps her busy from sunup to sundown. A year and a half ago, she had a son. I offered to watch him. I am a stay-at-home mom for my own boys, so no problem. We live with my parents, whose home sits right on the farm property. My sister offered money, but I said I was happy to watch him without payment.
I agreed to this without first discussing it with my husband. But what had started out as a few days a week quickly turned into six days from breakfast to dinnertime. This started to cut into my own family time. My husband refused to help me on his days off because he had not agreed to it. We both became increasingly fatigued and bitter.
We went to marriage counseling. Our counselor said it was unfair that I had not discussed it with my husband from the beginning and that I should cut back on the babysitting commitment. I did, and we both felt better.
I had a baby in February, and I told my sister I would like a “maternity leave.” But I told her if she wanted to move into the empty lot next to us, I would be willing to watch her child during my baby’s infancy. When I told my husband, he was distraught. He said that I did this without his consent again and that he would have said no if I had asked him first.
I understand why he is upset. I should have communicated before offering. But I also wonder why I need his permission to do something that I enjoy doing, that helps out a family member and that blesses my own children. My husband never has to watch this child at all. Can he tell me what I can and can’t do in this regard? It seems a bit controlling to me. Or am I missing something?
"
11616,AITA-NTA-FLIP,"Am I in the wrong for wanting to bring cookies to my son’s girlfriend’s family while she’s in the hospital?  

My son’s girlfriend has been in the hospital for over three weeks with a serious condition called Crohn's, which has made it impossible for her to eat solids without severe pain or vomiting. It’s been really hard on everyone involved, especially her, and I know she’s been struggling with hunger and the inability to eat.

When my son and I planned to visit her, I wanted to bring cookies as a small gesture of kindness for her parents, who have been at the hospital supporting her the whole time. I thought it might brighten their day a little and show them that we care. I didn’t intend to upset anyone or make the situation harder for my son’s girlfriend. I also promised my son that she wouldn’t find out about the cookies to avoid upsetting her.

However, my son got very upset when I brought up the idea. He called it a “f****** stupid idea,” saying it was inconsiderate since she can’t eat solids and that it would be better to wait until she could eat cookies too. I understand that he wants to prioritize her feelings, but I saw this as something small I could do for her family in the meantime, especially since they are going through a lot as well. 

Now I’m wondering—am I wrong for wanting to bring cookies for her family during such a difficult time?"
5407,SS,But I feel like she’s not respecting my boundaries.
7707,AITA-YTA,"WIBTA if I show up to my best friends wedding without my hair and makeup done? My best friend is getting married this Sunday and I’m one of the bridesmaids. She called recently and the conversation struck up on whether or not I’ve got my appointments done and I’m ready. I said I didn’t have anything scheduled, and she mentioned how it’s important to have my makeup done professionally, if not my hair, since I’ll be in a lot of the photos. 

I agree with her completely, and I don’t want to embarrass her in front of everyone by not looking up to par for the event. However, money is incredibly tight right now. I’ve been sick for the past 4 months with on and off bladder and kidney infections. I recently just got off of steroids for swelling as I’m fighting a virus right now with a weak immune system. I’ve got medical bills stacked up, and I’ve been missing weeks of work at a time. I have a little bit of money saved but that’s for bills and I don’t want to take away from the funds. I’ve resorted to selling most of my electronics for extra cash since my work and employment is a bit shaky right now. 

I have to tailor the bridesmaids dress she gave me and I’m paying for that. Hair and makeup is a few hundred dollars together and when you’re struggling that is a lot of money to spend on one-day things. I can do the makeup myself and put on some nice lashes and attempt to make myself presentable to the best of my ability (I’m by no means a makeup artist and I don’t usually wear makeup) and I was going to straighten my hair and make it look as nice as I can. I know I’m going to pale in comparison standing next to the other bridesmaids. 

Her family judges harshly on appearances and they want everything to be perfect so they’re putting a lot of pressure on her, and her on us, to look presentable and beautiful and perfect for the day. 

Am I being selfish for not wanting to spend the money? It’s her special day."
8136,AITA-YTA,"WIBTA: husband surprised me with hotel overnight but the timing is bad. Wibta if I ask to cancel? My sweet sweet husband surprised me on Tuesday with a hotel room for tomorrow night to sunday (he gets a huge bonus today, every year). He figured we could shop for presents, go out to dinner and then have raunchy hotel sex away from our houseful of teenagers.

I was happy and spent the week really trying to get our sh*t together but it's plain to me that we need the next two weekends to be ready for xmas.

We're hosting a big xmas eve. We haven't shopped for gifts at all because we wait for the bonus. But he doesn't realize if we REALLY make a dent in the gift shopping , we won't use the hotel room very much. We haven't put up a tree or decorated because of the cat. He has a few home repair things to do like the toilet in the guest bath runs and there's shelving sitting in there in the way that needs to be mounted. I have to shop for the food still too. Then wrap presents, etc. And so much cleaning! :( My daughter is moving door rooms over break so her crap is in my house, including her shitty futon in my living room that we need to move downstairs together.

Both my kids have big scholarships due sunday that I'm supposed to look over on sunday by 5.

I'm knitting two blankets as presents for some elders & they're not done as i was waiting on the bonus $$ for more yarn (expensive AF). 

Also the guest bath curtains are unraveling & I need to get out my sewing machine and fix those.

We have a decent sex life but we have fantasized about us time. Plus I'm on the ""horny"" part of my cycle tomorrow. I hate to discourage him from springing crazy spontaneous surprises. WIBTA if I ask him to cancel? We would not lose money. 

I figure it will be a LOT more fun between xmas and new Year's BUT I will be on pms/my period (not in the mood) so it might get canceled till later, later :("
304,OEQ,"I wrote here a few days ago, but the post got deleted – presumably because it didn't contain a clearly defined question. This is a newly formatted one with updates and more precise questions about the situation at the end. Which means it's also quite long.

Me and my girlfriend have been together for bit over a year. The relationship started perhaps a bit too soon after my previous relationship had ended. In that relationship, I suffered mental and physical violence for many years. One of the most damaging aspects of it was that I was often blackmailed into having sex, ""proving"" to the other person she was desirable, or else I was in danger of getting physically assaulted or not allowed to sleep. I've been in therapy for quite some time now but in some ways I'm still coming to terms with the trauma and learning to call it what it was.

So far, the relationship with my current partner has been good, healthy and mutually supportive. She's been a good friend and a partner who has made me feel loved for who I am.

I've struggled with not being sure about my feelings from time to time, but I've tried to see it through the lens of having a bad model for relationship stuck inside me and getting freaked out when things are suddenly nice and there's no fear involved.

My girlfriend is bipolar and doesn't handle alcohol well at all. There have been times when I've been disturbed by how my girlfriend becomes erratic when drunk. She doesn't drink that often, but when she does, she almost always does it to the point of almost turning into a different person who can be pretty heavy to deal with; very commanding to the people around her, sometimes ends up doing risky stuff (walking home from the other side of the city in -30C etc.). She has in her past kicked a bad cocaine addiction. Currently, she's dealing with some incredibly stressful stuff in her personal life. Moreover, two months ago she decided to stop taking her meds (SSRIs) cold turkey, with no supervision from her doctors.

Last weekend, a get-together at my place involving my girlfriend, one of her friends and one of my friends turned into a horrible experience. She got super drunk, began asking significant amounts of money from my friend to fund a project of hers, which understandably made the friend feel very awkward. Soon after, she was so wasted that she could only sit on the shower floor and throw up. We tried our best to assist and comfort her with her friend.

After the guests had left, I managed to help my girlfriend to bed. She was crying, going through a wide array of different states in a flash, her speech such that it was difficult to understand what she was trying to say. She began asking if we could have sex. I replied that we should do it tomorrow when we're both sober. This made her angry, and she started repeating: ""what's wrong with me? You need to tell me now."" I told her that there was absolutely nothing wrong with her but that this simply wasn't a good time for sex because she was wasted. She kept insisting that we talk about what I think is wrong with her. I told her we can talk about anything tomorrow but that right now is not a good time. I asked if I could go to sleep. She told me: ""no, we're talking about this right now!"" When I insisted, thing started getting out of hand. She started walking loudly around the apartment, opening the drawers and began throwing clothes on the floor, presumably to pack her stuff while cursing and telling me to go fuck myself.

At this point, I was not only triggered and frightened, but also worried that since I'd never seen her like this, this might at worst be a beginning of some kind of psychotic state caused by the combination of alcohol and quitting the meds. Her potentially heading outside in this state by herself did not seem like a good idea either, so I called her friend who, upon leaving, had given me her number and asked to call if my girlfriend needs any further assistance. The said friend is also my girlfriend's flatmate and they live pretty close by.

The friend arrived, tried to calm my girlfriend down under the blanket as I went to sit on the sofa. My girlfriend, crying uncontrollably, was telling my friend that her friend is now a witness and can ""prove what really happened"", that she did not throw any stuff on the floor. She said this as the piles of clothes were still lying on the floor. Also, knowing I was in close proximity and listening, she also said all kinds of insults about me: that I'm emotionless, comparing me to the ex of her friend who just cheated on her and saying that she (my girlfriend) regrets spending a year of her life in our relationship. Also, most hurtful of all, she said that she now no longer believes my stories about my ex abusing me.

Finally, after two hours of this, and me continuously asking if they could leave together to her place (she kept saying ""I'm staying here, I'm not leaving"", I grew increasingly worried about the neighbours calling the police or something) she packed all her stuff, including her cat. She sat down next to me repeatedly during this process, telling me over and over again that I need to call my psychologist right now (don't know how I would do that in the middle of the night). She told me that I was overreacting and that she is so disappointed in me. She also said that I'm really sick, and what happened before was normal in arguments and that my reaction was the reason it had gone overboard. She kept telling me to calm down as I was sitting there in silence. I told her I thought it was still a good idea for her to go to her place with her friend and that I felt she was gaslighting me. Finally, they left with all the stuff with them and my girlfriend left her keys on the table, telling me to do all future communication via her friend. I told her that I did not mean this to become a process of breaking up at night and that the reason for me calling her friend was that I was both worried and knew I couldn't handle the situation by myself.

I was shocked at how fast a relationship that so far has seemed very healthy could become like this overnight, after such a long time of no signs of anything like this. It also feels very damaging because it took me back to where I was a few years ago and also broke my trust I had built over the course of this new relationship.

The next day, I reserved an emergency meeting with my therapist, discussed what happened with a friend and texted my girlfriend's friend to ask her to make sure she seemed mentally stable because I was still worried all this might be related to the meds. Her friend told me that it didn't seem like she was detached from reality. That same evening, my girlfriend texted me. I was disappointed to see that instead of apologising or attempting to explain her behaviour, she continued to focus on me, saying that ""I know you think I acted strange, but I think you acted strange too"". I decided to take some time to get over the initial shock and didn't reply. At this point, I had pretty much made my mind up about ending the relationship: whatever was going on with her, this did not seem like a healthy place for me to be.

Today, she texted me again. She told me that she was sorry how she behaved and what effect it had on me, that she's been suffering because of what happened but doesn't want to make it about her, only wants to apologise and that I should only talk with her when I'm ready.

I still can't bring myself to reply to her. I feel paralysed, and can't do much of anything except sit at home in sadness and anxiety, flipping the channels on TV and type this.

I'm so torn over this situation.

My questions are: should I talk to her about anything other than ending the relationship? Does the situation warrant another chance or am I just falling back to my old ways?

I know it's easy for me to get stuck in a loop where it's really hard for me to let go of someone I care about, even when things are obviously not working. I'm also easily manipulated into forgiving even the most horrible behaviour, and scared that I'm again moving towards that state of mind. On the other hand, she did apologise (even though it took a while) and this is the first time this has happened.

Thanks for reading. And thanks for your thoughts in advance.

TL; DR My girlfriend got drunk, behaved in a threatening and insulting way that triggered my trauma and tried to gaslight me afterwards. Now she's apologising – does it make sense to give the relationship another chance?"
6341,SS,I know I could be a good asset to a company.
1586,OEQ,"How to get over an ex that ghosted you? My ex is my coworker and she abruptly broke up with me via texting and she cut me off of her life. She told me we should remain friends because we've had many setbacks then ignored my texts for a week then blatanly lied to me, saying she hadn't replied because she had had a massive cold during the weekend.

After many months of doubting myself, I accepted I wasn't the one at fault. However, she was recently moved to a nearby department, so I see her every single day and it's driving me crazy. She never apologized for being so disrespectful and acts like nothing happened. I don't talk to her and try to act like she doesn't exist.

I don't feel sad that she broke up with me. I feel angry because she didn't have the guts to do it in person and gave me a bullshit reason to do so.

It's gotten to the point where I feel uneasy or on edge just by hearing her voice. I need to get over her and move on.

Please help."
613,OEQ,"So  one of my friends, Luke, has a beach house and before school let out,  he talked about invited all 8 of our friend group down one week this summer to go stay  there. Yesterday morning, I was surprised to see a few of my friends  posting pictures on social media at the beach house. To be honest I was  kind of hurt because nobody told me about it or even mentioned it and we  had all hung out a couple ago. I texted my best friend John who was  there if he knew why I wasn't invited and he told me the following.

Luke  was calling everyone last week to invite us, and he called another  friend Chris before me. When Chris asked his parents if he could go,  they said he could only go if I'm not there. When asked why, they said  that I was a bad influence and they didn't want Chris around me far away  when we would be largely unsupervised. The reason they think this is  because we all got caught smoking weed at a camp-out a few months ago  and I took the fall because I was caught with it on me and there was no  point in dragging everyone else in. The cop didn't arrest me or anything  but they called all our parents and kicked us out of the campground. I  guess Chris told his parents the same thing even though I was just  saying it then because I thought we could get in legal trouble.

So  now Luke was put on the spot and had to either say, ""Ok, I won't invite  OP"" or uninvite Chris. I think the right thing to do would be to tell  Chris he can't dictate who he invites, but Luke doesn't like  confrontation so I think he thought it was easier to just agree and not  tell me about the trip.

John told  me he was sorry and that he didn't know any of this until a couple days  ago right before we all hung out and he didn't know how to tell me. He  said he really didn't realize how fucked up it was until they all got  there and it kind of sank in that I really wasn't there. He offered to  come home and hang out with me for the week, but I told him it wasn't  his fault and he should enjoy himself and I was fine.

I  don't know where to go from here though. I don't want to just pretend  that everything is cool when they get back because I think it's really  messed up to exclude me from this because of something I did for them.  I'm tempted to blow the whole thing up and send Chris's parents a  screenshot of texts between me thanking me for taking the fall that  night, but I'm not that petty and I want to get past that incident  anyway and don't want it brought up again. But I also don't want to be  excluded from things from now on either. What is the best way to go  forward?

&amp;#x200B;

tl;dr: Friends all went on vacation without me because I'm apparently a bad influence even though I was covering for them."
1595,OEQ,"How to make friends in school if no one knows you/ you are known as ""that loner that hangs out in the library"". "
747,OEQ,"I spent the past weekend getting to know his friends and I had a great time. While wrapping up the weekend, my new boyfriend was telling me about how great of a partner I was and how his best friends were telling him that I was a good catch. We are romantic and affectionate and i board my plane home. 

About 6 hours later, while I’m asleep, he sends me 3 texts that are accusing me of having done something sexual with his best friend while out with everyone. 

Boyfriend is saying that multiple people have reported that his friend and I left together shortly, and when we returned, his friend was unkept and his pants were unbuttoned. 

I can’t even fathom how ridiculous the idea is that I would run off for five minutes to have a sexual escapade with an unattractive man - who also happened to be the lifelong friend of my boyfriend - after meeting him for an hour. 

To say I was livid was an understatement. I did wake up to an apology text with him acknowledging he was wrong, but I don’t even know what to think at this point. 

I’m questioning the intentions of whichever friends told him this. There’s not a single scenario in this world that would have me being sexual with the man in question. I don’t doubt that this guy did return disheveled, but I can’t even be sure I was with him before we returned together. I am not even positive that I remember spending time alone with him at all. I met 20 new friends and chatted them all up like a good new girlfriend trying to get to know the people closest to my boyfriend. 

We were never in private to my knowledge, the only time I can think of is us standing on the side of the road having a 3 minute chat on the sidewalk in front of a bar we were at - with plenty of people around - and I believe it was still daytime. There were no private homes we were at, so it is assumed to have occurred on a public street or bar bathroom I suppose. 

Am I crazy to be absolutely livid that he would entertain those rumors about me? Is this a breaking point? Is there any logical reason for him to have believed those people even for a second? What do I do from here? 

I do like this man and did see potential for us long term. I’m so disappointed. Is there any chance for reconciliation - and if so, are there any boundaries I need to immediately establish? 

TLDR; New boyfriend entertained rumors that I had been sexual with his best friend, while out in public,  one hour after meeting this male friend. What do I do?I appreciate all your comments and it seems if y’all are mostly correct. He has told me that the “rumor” didn’t come from any of the friends I got to know, he didn’t ask the other guy involved in the rumor, and he refuses to tell me names of the people who started it. 

It seems like a test after all. He said he had too much to drink and sent a mean text. 

I was starting to love this man, and it breaks my heart. I cannot deal with a toxic relationship"
1608,OEQ,"Ask girlfriend for some space to do own things Recently moved into a studio apartment with my girlfriend and she doesn't work or study so she is constantly at home.

I work all week and when I come home she's always sitting watching tv and hasn't done anything and now my nights just consist of watching dull TV for hours on end until we go to bed.

Is there anyway I can suggest to her we do our own thing? Like play some games, go on the laptop, whatever it may be.

If I ever bring it up that I want to play a game she goes moody which in turns makes the time crap so I just turn it off and we go back to watching TV so she isn't moody with me about it..

What's the best way to suggest I want to do my own stuff for a few hours each week or so?

"
5111,SS,I always thought as I entered adulthood that I had a clear vision of a perfect woman for me
10514,AITA-NTA-FLIP,"Would I (22M) be in the wrong if I told my former roommate's (20M) mom about what’s been happening and how he’s been treating me? I know we had a falling out recently because I developed feelings for his girlfriend and made some drunken comments. I understand that this upset him and his girlfriend enough to cut ties with me, but I’ve been struggling with a lot of things like my drinking and my emotions, and maybe I didn't handle it well. 

I know I’ve said things that hurt both of them, and I regret that, but I don’t think going behind my back and telling my mom about my struggles is the right way. My former roommate and his girlfriend have blocked me, and even some of our mutual friends have stopped responding to me too. I do want to fix things, but does that make it fair for him to reach out to my mom and involve her when I’ve been trying to handle things on my own? Shouldn’t he just move on instead of interfering in my life in such a personal way? Would he be in the wrong?"
9081,AITA-NTA-OG,"WIBTA if I cared more about my cat than my dad's wedding? My parents divorced when I was 18, right before I left for college. My dad has been having a relationship with another woman since I was \~13-14, continuing even after my mom found out and he promised to stop. Understandably, my mom still pretty much hates him. I currently live with my mom and have a better relationship with her than with my dad, but I get along with my dad well enough too. He’s still seeing the same woman. Now, about 8 years after the divorce, my dad and his partner are going to get married. 

I can’t stand this woman. I have nothing in common with her and find her obnoxious. I always try to be polite and cordial with her, because the divorce wasn’t wholly her fault and realistically I only dislike her because of the circumstances, but I genuinely dislike spending time with her and I’m sure she and my father can tell. 

I’ve been invited to their wedding and would be taking part in the ceremony. I don’t want to go - apart from not liking his fiancee and her family, I’m a true introvert and hate large gatherings of any kind - but I would suck it up and attend for his sake if it wasn’t for one thing. 

The wedding is on a major holiday weekend, meaning my mom, an avid traveler, will be out of town. That would leave no one at our shared home to look after our cat for 3-4 days. This cat is my best friend. Maybe that’s silly, but it’s true, and his happiness and wellbeing is very important to me. He’s a former abandoned stray and extremely anxious - hates other animals, hates being transported in his carrier, hates loud and unfamiliar noises, hates when we leave him alone in the house for more than a few hours. I can’t kennel him, it would traumatize him. My mom is very neurotic about having strangers in the house and refuses to even consider a pet sitter we don’t know personally. Neither of us have many friends or relatives to ask, and we can’t come up with anyone we know to watch him. Leaving him alone would be negligent, boarding him would be cruel, hiring someone is off the table and I can’t ask my mom to sacrifice one of her rare vacations to spare the feelings of the ex-husband she hates. I just don’t see what the good option is. 

I floated the problem by my dad and while he didn’t state it outright, I can tell he’s either offended or hurt. He implied that I’m too sensitive and worry too much about my cat. Maybe that’s true, I worry too much about a lot of things. He also insinuated that staying home would be less for the cat’s sake and more about me ‘punishing’ him and my dislike for his fiancee. I’d like to think that’s not true, since I am genuinely worried about my cat, but I can see why he would feel that way. It would be like saying I care more about my cat being comfortable for a few days than his major life event. WIBTA if that were true?"
10722,AITA-NTA-FLIP," I was shopping at a small clothing store with only two changing rooms, and it was very busy that day. I wanted to pick out some more clothes to try on, but I didn’t want to lose my spot in the line. So, I asked the person standing directly behind me if they could hold my spot for a little while. They said, “sure,” and I went to grab the items I wanted. It took me some time—probably 10-15 minutes—to find the clothes I wanted.

When I returned, the line had moved, and the person I’d asked to hold my spot was now at the front and about to go into the changing room. There were also three new people standing behind them. I asked where my spot was and went to reclaim it in front of them. However, the person I’d asked told me I needed to stand behind them because they had been waiting in line the whole time while I was gone. They said I’d been gone too long. I pointed out that they should have just told me if they weren’t willing to hold my spot instead of agreeing to it in the first place. 

Was I wrong here for expecting them to let me have my original spot back? Should they have communicated better if they had a problem with it? Or am I in the wrong for being gone too long?"
11794,AITA-NTA-FLIP,"

""Am I in the wrong for feeling frustrated with my daughter over how she handled this situation? Three months ago, my car broke down, and I asked my daughter if I could pay one month's car payment and use her car while she was away working in France. She agreed, and I appreciated it so much. But during the time she was gone, I needed to use her car fairly regularly—including for road trips—as life doesn’t stop while waiting for a broken car to be fixed. When she returned, yes, the car wasn’t spotless, but she didn’t seem overly upset about it and even mentioned the living arrangements (she’s currently staying with me rent-free) as balancing things out. I took that as understanding and moved forward.  

We recently planned a trip to the farmer's market together, something I was looking forward to. I was trying to pack coolers into her car to bring along, but my daughter seemed to think I was being careless and repeatedly asked me about how I was handling the seats, even though I felt I was doing fine. When she kept pointing it out, I moved the cooler to the trunk, thinking it would ease her concerns, though at that point it felt unnecessary. Later, she told me to remember it’s her car, and she wanted me to respect it like I’m borrowing it. I personally thought I had been respectful and didn’t appreciate the repeated accusations.  

As we were about to leave, she asked me to use my phone’s GPS, which I agreed to. But my friend happened to text me at that moment, and I decided to quickly reply—it felt reasonable to finish that brief conversation before pulling up the GPS. My daughter got upset and made harsh accusations about me lacking respect and only caring about myself. I snapped and told her to “shut it up,” which probably didn’t help the situation. Things escalated further, and when she said she wasn’t going anymore, it was surprising and hurtful. I was caught off guard when she flat-out refused to let me use her car after that, especially since I’ve been relying on it due to my own car trouble. When I expressed my feelings about the escalating tension, she called me nasty, and I couldn’t help but respond by telling her to look in the mirror. She stormed inside, leaving things unresolved.

I feel frustrated because I’ve done a lot for her, including letting her live here for free, and this feels like an out-of-proportion reaction to circumstances where I don’t believe I was being intentionally disrespectful. Am I truly at fault here?"""
2168,OEQ,"How to stay more aware? Sometimes I just completely zone out, especially in Social settings and seem to act completely on instinct. It's affecting my social life and I've been losing friendships with people because I act so weird and act so socially unaware because I totally zone out."
1935,OEQ,"How to tolerate someone you don't like Hi Reddit.

I don't get along with my father because we have many differing ideas about the world. Because of this fact I often appear hostile and curt towards him. Subsequently, we fight often. 

I'm asking reddit for help with how to avoid this type of conflict, or focus my zen.

Any and all advice is welcome

Thanks :)"
9887,AITA-NTA-OG,"AITA For blocking my little cousin on Instagram? Here's a little backstory: I am currently visiting my home country Uzbekistan from the US, Having the opportunity to even go to the US from my country is considered a big deal here.,. I haven't seen my little cousin in around 4-5years. He is 14 years old and once he found out I had an instagram he immediately made one.  If im completely honest with you, He is SUPER annoying and is constantly making dirty jokes which aren't even funny. He has this annoying habit of bringing up the fact that I came from the US and sarcastically saying that im cooler and richer than he is for that fact. (I'm not even rich!)  Ever since I came from the US he would constantly make jokes about how rich I am (which im not), and jokingly ask for 50$, this pisses me off (because he literally makes these jokes everyday), and when he notices that he says something like ""Alright sorry, you're cool you're from America, and we're not."" This further pisses me off.  Now to the instagram part, when he made one he obviously requested to follow me, I thought about it for a minute but eventually just accepted it and followed him back.  Next day when I see his profile I noticed he followed all my followers, I was kind of annoyed ( BUT THIS WASNT THE TIPPING POINT.) I was already having thoughts about blocking him but what made me super pissed was that he constantly kept showing me pictures of some of my girl friends and would say some annoying dumb shit like ""Is this your girlfriend??"" I'd say ""No"" to which he'd reply to "" Don't lie."" (he did this with multiple girls throughout the day) That was the last straw, so later on I blocked him, and when he found out he got kind of upset and hasnt talked to me in a while, I feel like what I did was kind of harsh but I honestly dont want to unblock him, AITA?"
6959,AITA-YTA,"AITA for letting my niece rent my otherwise empty downtown apartment and forcing her to live in a much rougher part of town? Title should be “not let my niece rent.” Sorry mobile typo.

Throwaway. 

So my wife and I own several properties in our state. We live in the suburbs full time but we’ve also got a very large luxury apartment right in the center of our city (one of most expensive in the world). On the market it would be around 4-5k per month to rent. 

Unlike some of our other properties, this apartment isn’t rented out. We stay there from time to time but in all honesty not very often at all. In the past year we’ve probably stayed there for less than 10 weekends total (we try to spend at least 1 weekend there per month). So this is a place that does sit empty for most of the year.

My niece recently got a post grad job in our city. While she was interviewing we offered to have her stay in this apartment while she got used to public transport, etc. She really fell in love with the place. 

Now she’s recently found her first job and really wants to stay in our place. My sister (her mom) wants us to officially lease it to her at drastically reduced rent (around 1.2k, her upper budget) since her argument is we don’t use it much anyways. 

My wife and I declined on the fact that 1) we still want the option of staying there from time to time and 2) having my niece as a legal tenant might cause problems later on. 

However the result is that my niece must now find a much, much cheaper market rate place that will be in a much worse part of town. She’s got some disabilities that prevent her from getting roommates, so the places she can afford by herself are all in very rough neighborhoods. 

My wife and I feel very guilty but also sure we made the right decision, but we recently had dinner with my niece and seeing how much she hates her new place also broke my heart a little. AITA

Edit: adding from comments. Niece stayed rent free for approx ~5 months since she had no income (no job) at the time. She also lives with a large service dog and since my wife is allergic we didn’t go over during that period. But all of this was unofficial, no contract, etc. She was registered with our building as a “guest” for those months and therefore had limited access to some facilities for instance. 

Our relationship with my niece is fine although my sister has been very cold and has told our parents that we’ve been less than helpful. I can understand her frustration (who wants to see their kid in a bad part of town?) but my wife is more angry at her reaction after we said no."
5692,SS,I mean I know many people would call me “hot” and he USED to tell me how gorgeous I was all the time.
10664,AITA-NTA-FLIP,"

AITA for being upset with my younger sibling for interfering when I was parenting my daughter?

Here’s some background: I’ve been away from home due to personal struggles, including a very difficult relationship with my family. During this time, my 9-year-old daughter has been living at my family’s house. While I’ve been physically removed from the situation, I’ve still tried to stay connected and informed as much as possible, even though it hasn’t been easy.

Now, my younger sibling, who is only 18, has been stepping in to help out with my daughter while managing her own schooling and responsibilities. I do appreciate what she’s done, but there are times when it feels like she’s overstepping her boundaries. For example, earlier this year, my daughter was upset during dinner. I asked her to pick what food she wanted, but she wouldn’t decide and started crying. I tried to step in, but my sibling came out of her room, interfered, and undermined me by offering to cook something else for her. This made me feel disrespected—I was trying to teach my child something in that moment, and I felt like my role as her parent was being ignored. We ended up yelling at each other, and the situation escalated. To make things worse, my sibling recorded the argument on her phone instead of trying to deescalate things in a supportive way.

I know my mental health and personal struggles have impacted my ability to always be there for my daughter in the ways I’d like. But it’s frustrating when my own family doesn’t seem to respect my role as her parent. I don’t want my sibling to feel overwhelmed, but I also don’t want her parenting my child or acting like she’s the only one who cares, especially when I’m doing the best I can under the circumstances. Am I in the wrong for being upset with her?"
8918,AITA-NTA-OG,"WIBTA if I told my old neighbor that his girlfriend offered herself to my friend to intentionally get him banned from their place?  This is a long situation spanning years. So I'm going to cull it down as much as possible.

I have a tight knit friend group. Majority of them have been friends since high school (we're now all late 20's) with a few of us trickling in during our early 20's. Either way, we're the sort of friends that have been together for so long that we're very real and honest with each other. We're kinda a misfit bunch and one of the guys has always been a bit of a mess. His apartment has been so unclean at points that his neighbors have complained from the smell. That's bad. He's left rancid meat in the sink for weeks, because I don't know. Laziness? Depression?

He's always struggled with addiction and what not. He complains about his life, wants it to be better, but never actually takes action. 

I've tried getting him in therapy too many times to count, and I can't force him. I'm on meds myself and have even suggested doctors for him to see but he's just uninterested in helping himself. I hate to see him like this. We butt heads big time, but he's still my friend and I feel wrong just sitting on the sidelines while he runs himself deeper into this hole of drugs and pity. 

Now to the actual issue, he's made friends with some of my old neighbors at my last apartment. They're dealers, used to do heroine, and regularly do coke. These old neighbors aren't inherently bad people, just always high I guess. I smoke weed like a mother fucker, so no judgement there, but the coke that Jason is doing regularly is pushing him further down. He's getting worse, we're seeing less of him because he's just obsessed with the idea of always needing more coke and I don't allow it in my house.

I sound like a mother, but he really just fell into a stupid bad crowd for him. I don't want to see him hooked on heroine next. The old neighbors, which are a couple, have had a really rocky relationship. The girl constantly offers herself sexually to the men that come around, and once the boyfriend finds out that guy is banned from their place. I happen to know that this girl offered herself to Jason, but the boyfriend never found out.

So, I'm conflicted. I could potentially get Jason out of a bad situation by telling the boyfriend what I know (he would definitely listen to me) or I could just let him continue to spiral. I'm not really sure what the right move is here and if I'd be sticking my nose where it doesn't belong. WIBTA if I told my old neighbor that his girlfriend offered herself to my friend to get him banned from their place?"
5781,SS,At 30 I feel like I could easily play any sport with an 18-20 year old and keep up 100% with them.
11077,AITA-NTA-FLIP,"Am I in the wrong for being upset with my girlfriend after she told me she was scared to get tested because she thought I might have given her something?  

We’ve been dating for almost a year, and before we first had sex, I told her I’d been with 3 people beforehand—a number that she later found out was actually closer to 10 (though I haven’t cheated on her). Last night, she said she was afraid to get tested because of the assumption that I could have exposed her to something. That comment made me really upset, and I didn’t want to keep talking about it, so I turned over to sleep while she kept trying to explain. I haven’t spoken to her since because the whole thing felt insulting, even though she’s tried to apologize. From my perspective, it didn’t seem like she trusted me or respected me. Am I wrong for feeling this way?"
373,OEQ,"He lied about having left work and gone to the bar with his coworker. We were supposed to have dinner at 9, and he texts me at 8:15 telling me he's leaving soon. At 8:30 he texts again to tell me he's really sorry and he's going to be let out later and to not wait for him and go ahead and eat. Fast forward to 9ish. I'm getting ready for bed check his location to see if he's on his way or still at work and he's at a bar that's close to his job. I call him and he tells me he's heading out now. When he arrives 40 or so minutes later I casually ask why he didn't tell me he was going out after work. I thought he was going to say he didn't want to worry me (I can smell a hint of alcohol in his breath and he knows I don't like him drinking, let alone drink and drive) but no, instead he denies it completely. I didn't have evidence because I didn't think he would lie about that, at most the drinking. We go back and forth and I decide to bring it up in the morning when he's more sober. Morning comes and he keeps denying denying denying. This makes me think there must be a reason for his lying and that he must be hiding something questionable from me. I tried to sweep it under the rug, I really did. It wasn't a huge lie in my book. But precisely because the lie was so inconsequential is why it keeps bothering me so much. It makes me think he thinks I'm stupid, and I can't pretend to be in good terms with someone who thinks that way about me. It's been a week since and I have brought it up a few more times to no avail and he gets upset every time i do. This morning I called him at work and say I have to break up with him. Mind you we have been together for two years. He goes fine, and that he's used to always being lonely (obviously trying to guilt trip me), and that it's not his job to prove he was at work (something he said he was gonna show me proof of earlier but then ""backtracked"" about). This is very bizarre to me and makes me feel like shit and like I never meant anything to him. I don't want to break up with him, he's an amazing person in many ways and I don't think what he did was horrible enough to warrant that, but it's like he's forcing me to. I could easily move on after he admitted to this, but he just won't budge.

tl;dr: bf for two years now said he was at work, find out actually he's at a bar. bring it up when he gets home, not a big deal to me. denies going there. explain i don't care he went, just want him to admit that he went there, still lies. left with no choice but to break up with him, still won't admit it. Don't understand this behavior at all and feel shattered

UPDATE: Thank you to all the well thought-out responses.

 I initially only told him how he smelled was how I knew he ""went"" because I didn't keep ""evidence"" and the location had never been wrong before as far as I'm aware so I didn't think i had to. Yesterday he reached out so we talked and I told him that I saw his location at the bar (btw no i didn't ""lojack"" him or whatever, we both share our location with eachother).  He swore up and down he didn't again and didn't know why it showed him there, and said it must have been a glitch and huge coincidence. He told me he did drink but that it was during lunch and not a lot. He said he's always looking forward to getting home and seeing me after work, and he wouldn't linger after unless he felt like he had to, ie after having turned down invitations too many times already. Today he sent me a picture of his work hours straight from a work computer so I know he didn't edit it or anything like he had promised he would yesterday and I apologized for accusing him of lying. The time he clocked out matches when I called him. Nothing looks out of the ordinary. He went by after he was done and we talked some more because I still felt he lied by omission (drank at lunch) and he explained he felt like he had to lie because I started off by accusing him of something completely wrong and seemed very sure of it and thought if he admitted to drinking it would only make me even more sure of it. I came back with him since that soothed most of my worries and we pretty much made up &lt;3"
11595,AITA-NTA-FLIP,"Would I be wrong for wanting my grandchild to have a stable and secure career rather than pursuing something uncertain? I love them deeply and have always tried to steer them toward something safe, something that could guarantee a steady income. I’ve seen what happens when dreams don’t pan out—look at what happened with their mother. I don’t want them to struggle like that. It pains me to see them frustrated, but how can I stand by and let them make a choice I genuinely believe could lead them to hardship? Am I wrong for trying to protect them from what I see as a life of disappointment?"
3404,SS,I’m scared about university because I think i’m too old and have some gaps in mathematics subjects and languages.
10485,AITA-NTA-FLIP,"Is it wrong of me (stepdad) to constantly joke around with my stepson in a way that he seems to dislike, and then get upset when he refuses to cook for me? From my perspective, I work hard, have had a rough past, and use humor—even if it's harsh—to connect or interact, though I know it frustrates him. After one of our usual interactions escalated into an argument where I expressed my anger, he chose not to include me in dinner, which led to my wife stepping in to cook for me despite her being overworked. Am I at fault for how things played out, or is my stepson overreacting to my way of handling things?"
1626,OEQ,"How can you ""get to know yourself""? Every once in a while I will get the feeling like I'm a stranger to myself because I'm not sure who I am or who I want to be like so I was wondering what are some ways I can get in touch with myself."
1954,OEQ,"Making people friends Good ways of making people with little similarity more comfortable and familiar, especially when both have bias against each other."
3592,SS,I feel like anything I say or ask gets lost.
1941,OEQ,"Giving up a college course when you're in debt If you are a few years into a potentially lucrative college degree (in my case the degree is in medicine) and then decide that the idea of a career in this area seems increasingly disheartening, how do you go about switching to something more interesting when you have already borrowed to get this far?

This is an especially tricky predicament when the most attractive alternative to me is a humanities course, which offers little guarantee of providing the money to pay back the loan.

I would appreciate any advice on this."
9993,AITA-NTA-OG,"AITA for staying too long in a coffee shop? Brand new coffee shop opens in our city's new library. It's a really nice place and they have great coffee, so I decided to sit in there and work on my laptop.

I was sitting at a low bar seat next to the window, and to avoid taking space of the person next to my right, the best place for me to put my coat happened to be the floor wedged between myself and a book shelf. It was a new place and the floor wasn't too dirty dirty, and I figured I'd make the sacrifice of potentially dirtying my coat so the space next to me wouldn't be obstructed.

4 hours later, my coat had worked it's way in to the general space without me noticing. The manager must have noticed this, because he stormed over to me, and with a hurried and aggravated demeanor, stuffed my coat in to the now empty chair next to me and pushed the chair in to the bar, then walked back behind the counter. Not a word.

I figured I had outstayed my welcome, maybe he was mad because I was sitting there so long? I bought a coffee and a sandwich, it's not like I was freeloading.

In my experience, that's what people do at coffee shops, camp out on their laptops. I was a barista at three different coffee shops, I was never bothered by people who stayed there all day. They tipped the best and were usually very friendly.

In this case, the coffee shop is right next to the library, so I could have worked there instead.

Whatever the case, I didn't say anything, I just packed up my things and left since it seems like they wanted me gone. I'm pissed about it, but still not sure if I was in the wrong."
7475,AITA-YTA,"AITA for wanting my friend to move out of my house? My old friend has recently gotten herself kicked out of her parent's house, I offered for her to stay with me for a little bit and now she is officially staying at my house. She is being respectful and clean, but I just don't like having to feel like I have to entertain or watch her all the time.

She will be staying for three weeks and I don't think I'll be able to handle three weeks with her. I enjoy my privacy and freedom and I feel stuck when she is around, not to mention she is mentally draining.

I also worry about her staying because my mom and sister are heavily annoyed by it too, since it was so unexpected and sudden. My friend does have one another person she could move in with, but I feel like an asshole for asking her to leave. Idk wtf to do here.

&#x200B;

Edit: I think I'll just talk to her first about it. It seems like I am being a little selfish and I just need to chill out. Keep the advice coming though"
7484,AITA-YTA,"AITA for assuming that I should get the bedroom in out one bedroom Airbnb because I’m the girl (traveling with 3 guys)? Using a throwaway since I’m not sure if my traveling compassions are on Reddit or not. 

Basically we are on night 5 one of a 3 week road trip, we have camped in all previous stops. I’m the only girl traveling with 3 guys who I know from classes. All are cool and it’s somthing I’ve wanted to do for a long time. To be totally fair and up front I didn’t do shit to put this trip together. I didn’t make reservations, drive or buy any tickets and it’s not my car. All I did was show up with my pretty little face and Venmo app to make sure I paid my way. 

All of us were very much looking forward to a shower and bed tonight. Our Airbnb has one bedroom but the living room has a king size tempurpedic food out couch and a twin size Murphy bed. Bedroom has a queen bed. When we arrived, one guy hopped in the shower, the other two went to find some Coke. So I unloaded all my stuff in bedroom. The guy got out of the shower and sort of chuckled “typical girl, whatever” and took the twin bed. 

The other two were so pissed. Ones point was he made all the reservations, he should get first pick. The other guy said he’s done 90% of the driving he should get first pick. When I made my point that I’m the only girl, I really should get the privacy of the bedroom both said I was being a raging sexist asshole and full of shit. If didn’t help that they were deep into a baggie of product but they are seriously pissed.  I don’t know what to do, if I leave the room I have to share a bed with one which I’m not comfortable with. If I don’t leave the room I might make them angrier which could be a real problem based on their state. 

Am I being an asshole here?"
3819,SS,I honestly just feel like I'm being treated unfairly
6224,SS,I know he loves me and he's very intimate in other ways
